ENDO,MICRO,HAPI,negCTRL,posCTRL,dose_ug,fluorescence
TRUE,FALSE,FALSE,TRUE,FALSE,0,43182
TRUE,FALSE,FALSE,TRUE,FALSE,0,39974
TRUE,FALSE,FALSE,TRUE,FALSE,0,40766
TRUE,FALSE,FALSE,TRUE,FALSE,0,33716
TRUE,FALSE,FALSE,TRUE,FALSE,0,31791
TRUE,FALSE,FALSE,TRUE,FALSE,0,27509
TRUE,FALSE,FALSE,TRUE,FALSE,0,27595
TRUE,FALSE,FALSE,TRUE,FALSE,0,24656
TRUE,FALSE,FALSE,TRUE,FALSE,0,58915
TRUE,FALSE,FALSE,TRUE,FALSE,0,52261
TRUE,FALSE,FALSE,TRUE,FALSE,0,54478
TRUE,FALSE,FALSE,TRUE,FALSE,0,38945
TRUE,FALSE,FALSE,TRUE,FALSE,0,42474
TRUE,FALSE,FALSE,TRUE,FALSE,0,34450
TRUE,FALSE,FALSE,TRUE,FALSE,0,35624
TRUE,FALSE,FALSE,TRUE,FALSE,0,30630
TRUE,FALSE,FALSE,TRUE,FALSE,0,59477
TRUE,FALSE,FALSE,TRUE,FALSE,0,50185
TRUE,FALSE,FALSE,TRUE,FALSE,0,55058
TRUE,FALSE,FALSE,TRUE,FALSE,0,49731
TRUE,FALSE,FALSE,TRUE,FALSE,0,50266
TRUE,FALSE,FALSE,TRUE,FALSE,0,43229
TRUE,FALSE,FALSE,TRUE,FALSE,0,42241
TRUE,FALSE,FALSE,TRUE,FALSE,0,34096
TRUE,FALSE,FALSE,TRUE,FALSE,0,44276
TRUE,FALSE,FALSE,TRUE,FALSE,0,45273
TRUE,FALSE,FALSE,TRUE,FALSE,0,35987
TRUE,FALSE,FALSE,TRUE,FALSE,0,35543
TRUE,FALSE,FALSE,TRUE,FALSE,0,31666
TRUE,FALSE,FALSE,TRUE,FALSE,0,34454
TRUE,FALSE,FALSE,TRUE,FALSE,0,25089
TRUE,FALSE,FALSE,TRUE,FALSE,0,22730
TRUE,FALSE,FALSE,TRUE,FALSE,0,50347
TRUE,FALSE,FALSE,TRUE,FALSE,0,54511
TRUE,FALSE,FALSE,TRUE,FALSE,0,35249
TRUE,FALSE,FALSE,TRUE,FALSE,0,33812
TRUE,FALSE,FALSE,TRUE,FALSE,0,29476
TRUE,FALSE,FALSE,TRUE,FALSE,0,28454
TRUE,FALSE,FALSE,TRUE,FALSE,0,25235
TRUE,FALSE,FALSE,TRUE,FALSE,0,21445
TRUE,FALSE,FALSE,TRUE,FALSE,0,57956
TRUE,FALSE,FALSE,TRUE,FALSE,0,55475
TRUE,FALSE,FALSE,TRUE,FALSE,0,51047
TRUE,FALSE,FALSE,TRUE,FALSE,0,54463
TRUE,FALSE,FALSE,TRUE,FALSE,0,43209
TRUE,FALSE,FALSE,TRUE,FALSE,0,43741
TRUE,FALSE,FALSE,TRUE,FALSE,0,36345
TRUE,FALSE,FALSE,TRUE,FALSE,0,32370
TRUE,FALSE,FALSE,FALSE,TRUE,0,86807
TRUE,FALSE,FALSE,FALSE,TRUE,0,121935
TRUE,FALSE,FALSE,FALSE,TRUE,0,116325
TRUE,FALSE,FALSE,FALSE,TRUE,0,86804
TRUE,FALSE,FALSE,FALSE,TRUE,0,78719
TRUE,FALSE,FALSE,FALSE,TRUE,0,68561
TRUE,FALSE,FALSE,FALSE,TRUE,0,75211
TRUE,FALSE,FALSE,FALSE,TRUE,0,53795
TRUE,FALSE,FALSE,FALSE,TRUE,0,90268
TRUE,FALSE,FALSE,FALSE,TRUE,0,88979
TRUE,FALSE,FALSE,FALSE,TRUE,0,77996
TRUE,FALSE,FALSE,FALSE,TRUE,0,60512
TRUE,FALSE,FALSE,FALSE,TRUE,0,63005
TRUE,FALSE,FALSE,FALSE,TRUE,0,56418
TRUE,FALSE,FALSE,FALSE,TRUE,0,48264
TRUE,FALSE,FALSE,FALSE,TRUE,0,46404
TRUE,FALSE,FALSE,FALSE,TRUE,0,96065
TRUE,FALSE,FALSE,FALSE,TRUE,0,112882
TRUE,FALSE,FALSE,FALSE,TRUE,0,99297
TRUE,FALSE,FALSE,FALSE,TRUE,0,89533
TRUE,FALSE,FALSE,FALSE,TRUE,0,90061
TRUE,FALSE,FALSE,FALSE,TRUE,0,82563
TRUE,FALSE,FALSE,FALSE,TRUE,0,93202
TRUE,FALSE,FALSE,FALSE,TRUE,0,82024
TRUE,FALSE,FALSE,FALSE,TRUE,0,78429
TRUE,FALSE,FALSE,FALSE,TRUE,0,100456
TRUE,FALSE,FALSE,FALSE,TRUE,0,87656
TRUE,FALSE,FALSE,FALSE,TRUE,0,72135
TRUE,FALSE,FALSE,FALSE,TRUE,0,68153
TRUE,FALSE,FALSE,FALSE,TRUE,0,59894
TRUE,FALSE,FALSE,FALSE,TRUE,0,54029
TRUE,FALSE,FALSE,FALSE,TRUE,0,50025
TRUE,FALSE,FALSE,FALSE,TRUE,0,93717
TRUE,FALSE,FALSE,FALSE,TRUE,0,95970
TRUE,FALSE,FALSE,FALSE,TRUE,0,73975
TRUE,FALSE,FALSE,FALSE,TRUE,0,62073
TRUE,FALSE,FALSE,FALSE,TRUE,0,57484
TRUE,FALSE,FALSE,FALSE,TRUE,0,51331
TRUE,FALSE,FALSE,FALSE,TRUE,0,44410
TRUE,FALSE,FALSE,FALSE,TRUE,0,35827
TRUE,FALSE,FALSE,FALSE,TRUE,0,90174
TRUE,FALSE,FALSE,FALSE,TRUE,0,91871
TRUE,FALSE,FALSE,FALSE,TRUE,0,84696
TRUE,FALSE,FALSE,FALSE,TRUE,0,78565
TRUE,FALSE,FALSE,FALSE,TRUE,0,69283
TRUE,FALSE,FALSE,FALSE,TRUE,0,60262
TRUE,FALSE,FALSE,FALSE,TRUE,0,55974
TRUE,FALSE,FALSE,FALSE,TRUE,0,59845
TRUE,FALSE,FALSE,FALSE,FALSE,0,52845
TRUE,FALSE,FALSE,FALSE,FALSE,0,58210
TRUE,FALSE,FALSE,FALSE,FALSE,0,55811
TRUE,FALSE,FALSE,FALSE,FALSE,0,56168
TRUE,FALSE,FALSE,FALSE,FALSE,0,51827
TRUE,FALSE,FALSE,FALSE,FALSE,0,41771
TRUE,FALSE,FALSE,FALSE,FALSE,0,37735
TRUE,FALSE,FALSE,FALSE,FALSE,0,31411
TRUE,FALSE,FALSE,FALSE,FALSE,0,54617
TRUE,FALSE,FALSE,FALSE,FALSE,0,54780
TRUE,FALSE,FALSE,FALSE,FALSE,0,43383
TRUE,FALSE,FALSE,FALSE,FALSE,0,46430
TRUE,FALSE,FALSE,FALSE,FALSE,0,39129
TRUE,FALSE,FALSE,FALSE,FALSE,0,33454
TRUE,FALSE,FALSE,FALSE,FALSE,0,29790
TRUE,FALSE,FALSE,FALSE,FALSE,0,24338
TRUE,FALSE,FALSE,FALSE,FALSE,0,63902
TRUE,FALSE,FALSE,FALSE,FALSE,0,62785
TRUE,FALSE,FALSE,FALSE,FALSE,0,57667
TRUE,FALSE,FALSE,FALSE,FALSE,0,56151
TRUE,FALSE,FALSE,FALSE,FALSE,0,51490
TRUE,FALSE,FALSE,FALSE,FALSE,0,44963
TRUE,FALSE,FALSE,FALSE,FALSE,0,44701
TRUE,FALSE,FALSE,FALSE,FALSE,0,43549
TRUE,FALSE,FALSE,FALSE,FALSE,0,42865
TRUE,FALSE,FALSE,FALSE,FALSE,0,44668
TRUE,FALSE,FALSE,FALSE,FALSE,0,44767
TRUE,FALSE,FALSE,FALSE,FALSE,0,37454
TRUE,FALSE,FALSE,FALSE,FALSE,0,31523
TRUE,FALSE,FALSE,FALSE,FALSE,0,33332
TRUE,FALSE,FALSE,FALSE,FALSE,0,32791
TRUE,FALSE,FALSE,FALSE,FALSE,0,26147
TRUE,FALSE,FALSE,FALSE,FALSE,0,50282
TRUE,FALSE,FALSE,FALSE,FALSE,0,51342
TRUE,FALSE,FALSE,FALSE,FALSE,0,37853
TRUE,FALSE,FALSE,FALSE,FALSE,0,39856
TRUE,FALSE,FALSE,FALSE,FALSE,0,29508
TRUE,FALSE,FALSE,FALSE,FALSE,0,26174
TRUE,FALSE,FALSE,FALSE,FALSE,0,23338
TRUE,FALSE,FALSE,FALSE,FALSE,0,21657
TRUE,FALSE,FALSE,FALSE,FALSE,0,53894
TRUE,FALSE,FALSE,FALSE,FALSE,0,53346
TRUE,FALSE,FALSE,FALSE,FALSE,0,48017
TRUE,FALSE,FALSE,FALSE,FALSE,0,49557
TRUE,FALSE,FALSE,FALSE,FALSE,0,41770
TRUE,FALSE,FALSE,FALSE,FALSE,0,36587
TRUE,FALSE,FALSE,FALSE,FALSE,0,33709
TRUE,FALSE,FALSE,FALSE,FALSE,0,31217
TRUE,FALSE,FALSE,FALSE,FALSE,0.002,74140
TRUE,FALSE,FALSE,FALSE,FALSE,0.002,91884
TRUE,FALSE,FALSE,FALSE,FALSE,0.002,81522
TRUE,FALSE,FALSE,FALSE,FALSE,0.002,65022
TRUE,FALSE,FALSE,FALSE,FALSE,0.002,62921
TRUE,FALSE,FALSE,FALSE,FALSE,0.002,56451
TRUE,FALSE,FALSE,FALSE,FALSE,0.002,51166
TRUE,FALSE,FALSE,FALSE,FALSE,0.002,45657
TRUE,FALSE,FALSE,FALSE,FALSE,0.002,78271
TRUE,FALSE,FALSE,FALSE,FALSE,0.002,79808
TRUE,FALSE,FALSE,FALSE,FALSE,0.002,58625
TRUE,FALSE,FALSE,FALSE,FALSE,0.002,50401
TRUE,FALSE,FALSE,FALSE,FALSE,0.002,44594
TRUE,FALSE,FALSE,FALSE,FALSE,0.002,37450
TRUE,FALSE,FALSE,FALSE,FALSE,0.002,41685
TRUE,FALSE,FALSE,FALSE,FALSE,0.002,31853
TRUE,FALSE,FALSE,FALSE,FALSE,0.002,78463
TRUE,FALSE,FALSE,FALSE,FALSE,0.002,85853
TRUE,FALSE,FALSE,FALSE,FALSE,0.002,82223
TRUE,FALSE,FALSE,FALSE,FALSE,0.002,87162
TRUE,FALSE,FALSE,FALSE,FALSE,0.002,66758
TRUE,FALSE,FALSE,FALSE,FALSE,0.002,57161
TRUE,FALSE,FALSE,FALSE,FALSE,0.002,54618
TRUE,FALSE,FALSE,FALSE,FALSE,0.002,47439
TRUE,FALSE,FALSE,FALSE,FALSE,0.002,52700
TRUE,FALSE,FALSE,FALSE,FALSE,0.002,57713
TRUE,FALSE,FALSE,FALSE,FALSE,0.002,42790
TRUE,FALSE,FALSE,FALSE,FALSE,0.002,48596
TRUE,FALSE,FALSE,FALSE,FALSE,0.002,42147
TRUE,FALSE,FALSE,FALSE,FALSE,0.002,36204
TRUE,FALSE,FALSE,FALSE,FALSE,0.002,35889
TRUE,FALSE,FALSE,FALSE,FALSE,0.002,29204
TRUE,FALSE,FALSE,FALSE,FALSE,0.002,54047
TRUE,FALSE,FALSE,FALSE,FALSE,0.002,63178
TRUE,FALSE,FALSE,FALSE,FALSE,0.002,41213
TRUE,FALSE,FALSE,FALSE,FALSE,0.002,39967
TRUE,FALSE,FALSE,FALSE,FALSE,0.002,33589
TRUE,FALSE,FALSE,FALSE,FALSE,0.002,30565
TRUE,FALSE,FALSE,FALSE,FALSE,0.002,25958
TRUE,FALSE,FALSE,FALSE,FALSE,0.002,21195
TRUE,FALSE,FALSE,FALSE,FALSE,0.002,65255
TRUE,FALSE,FALSE,FALSE,FALSE,0.002,59620
TRUE,FALSE,FALSE,FALSE,FALSE,0.002,63983
TRUE,FALSE,FALSE,FALSE,FALSE,0.002,61512
TRUE,FALSE,FALSE,FALSE,FALSE,0.002,49155
TRUE,FALSE,FALSE,FALSE,FALSE,0.002,47921
TRUE,FALSE,FALSE,FALSE,FALSE,0.002,39566
TRUE,FALSE,FALSE,FALSE,FALSE,0.002,39359
TRUE,FALSE,FALSE,FALSE,FALSE,1,68886
TRUE,FALSE,FALSE,FALSE,FALSE,1,84696
TRUE,FALSE,FALSE,FALSE,FALSE,1,83751
TRUE,FALSE,FALSE,FALSE,FALSE,1,74931
TRUE,FALSE,FALSE,FALSE,FALSE,1,70656
TRUE,FALSE,FALSE,FALSE,FALSE,1,58197
TRUE,FALSE,FALSE,FALSE,FALSE,1,50067
TRUE,FALSE,FALSE,FALSE,FALSE,1,47583
TRUE,FALSE,FALSE,FALSE,FALSE,1,90403
TRUE,FALSE,FALSE,FALSE,FALSE,1,85061
TRUE,FALSE,FALSE,FALSE,FALSE,1,67199
TRUE,FALSE,FALSE,FALSE,FALSE,1,58364
TRUE,FALSE,FALSE,FALSE,FALSE,1,50334
TRUE,FALSE,FALSE,FALSE,FALSE,1,43801
TRUE,FALSE,FALSE,FALSE,FALSE,1,43770
TRUE,FALSE,FALSE,FALSE,FALSE,1,37194
TRUE,FALSE,FALSE,FALSE,FALSE,1,79381
TRUE,FALSE,FALSE,FALSE,FALSE,1,82318
TRUE,FALSE,FALSE,FALSE,FALSE,1,80318
TRUE,FALSE,FALSE,FALSE,FALSE,1,72521
TRUE,FALSE,FALSE,FALSE,FALSE,1,67478
TRUE,FALSE,FALSE,FALSE,FALSE,1,55608
TRUE,FALSE,FALSE,FALSE,FALSE,1,55206
TRUE,FALSE,FALSE,FALSE,FALSE,1,56145
TRUE,FALSE,FALSE,FALSE,FALSE,1,47050
TRUE,FALSE,FALSE,FALSE,FALSE,1,51550
TRUE,FALSE,FALSE,FALSE,FALSE,1,45313
TRUE,FALSE,FALSE,FALSE,FALSE,1,46132
TRUE,FALSE,FALSE,FALSE,FALSE,1,39560
TRUE,FALSE,FALSE,FALSE,FALSE,1,40069
TRUE,FALSE,FALSE,FALSE,FALSE,1,32580
TRUE,FALSE,FALSE,FALSE,FALSE,1,39440
TRUE,FALSE,FALSE,FALSE,FALSE,1,55101
TRUE,FALSE,FALSE,FALSE,FALSE,1,51471
TRUE,FALSE,FALSE,FALSE,FALSE,1,39723
TRUE,FALSE,FALSE,FALSE,FALSE,1,39235
TRUE,FALSE,FALSE,FALSE,FALSE,1,32732
TRUE,FALSE,FALSE,FALSE,FALSE,1,38255
TRUE,FALSE,FALSE,FALSE,FALSE,1,25050
TRUE,FALSE,FALSE,FALSE,FALSE,1,35645
TRUE,FALSE,FALSE,FALSE,FALSE,1,55805
TRUE,FALSE,FALSE,FALSE,FALSE,1,59011
TRUE,FALSE,FALSE,FALSE,FALSE,1,49516
TRUE,FALSE,FALSE,FALSE,FALSE,1,50719
TRUE,FALSE,FALSE,FALSE,FALSE,1,40752
TRUE,FALSE,FALSE,FALSE,FALSE,1,38959
TRUE,FALSE,FALSE,FALSE,FALSE,1,35467
TRUE,FALSE,FALSE,FALSE,FALSE,1,32104
TRUE,FALSE,FALSE,FALSE,FALSE,20,100487
TRUE,FALSE,FALSE,FALSE,FALSE,20,104115
TRUE,FALSE,FALSE,FALSE,FALSE,20,100049
TRUE,FALSE,FALSE,FALSE,FALSE,20,88919
TRUE,FALSE,FALSE,FALSE,FALSE,20,87321
TRUE,FALSE,FALSE,FALSE,FALSE,20,63579
TRUE,FALSE,FALSE,FALSE,FALSE,20,67763
TRUE,FALSE,FALSE,FALSE,FALSE,20,57069
TRUE,FALSE,FALSE,FALSE,FALSE,20,100873
TRUE,FALSE,FALSE,FALSE,FALSE,20,92323
TRUE,FALSE,FALSE,FALSE,FALSE,20,89976
TRUE,FALSE,FALSE,FALSE,FALSE,20,75394
TRUE,FALSE,FALSE,FALSE,FALSE,20,65512
TRUE,FALSE,FALSE,FALSE,FALSE,20,59387
TRUE,FALSE,FALSE,FALSE,FALSE,20,51062
TRUE,FALSE,FALSE,FALSE,FALSE,20,85320
TRUE,FALSE,FALSE,FALSE,FALSE,20,110639
TRUE,FALSE,FALSE,FALSE,FALSE,20,111988
TRUE,FALSE,FALSE,FALSE,FALSE,20,104373
TRUE,FALSE,FALSE,FALSE,FALSE,20,87398
TRUE,FALSE,FALSE,FALSE,FALSE,20,90258
TRUE,FALSE,FALSE,FALSE,FALSE,20,78204
TRUE,FALSE,FALSE,FALSE,FALSE,20,76536
TRUE,FALSE,FALSE,FALSE,FALSE,20,69822
TRUE,FALSE,FALSE,FALSE,FALSE,20,57046
TRUE,FALSE,FALSE,FALSE,FALSE,20,66864
TRUE,FALSE,FALSE,FALSE,FALSE,20,59200
TRUE,FALSE,FALSE,FALSE,FALSE,20,65677
TRUE,FALSE,FALSE,FALSE,FALSE,20,52591
TRUE,FALSE,FALSE,FALSE,FALSE,20,48078
TRUE,FALSE,FALSE,FALSE,FALSE,20,44162
TRUE,FALSE,FALSE,FALSE,FALSE,20,41948
TRUE,FALSE,FALSE,FALSE,FALSE,20,63209
TRUE,FALSE,FALSE,FALSE,FALSE,20,76102
TRUE,FALSE,FALSE,FALSE,FALSE,20,53782
TRUE,FALSE,FALSE,FALSE,FALSE,20,59756
TRUE,FALSE,FALSE,FALSE,FALSE,20,45084
TRUE,FALSE,FALSE,FALSE,FALSE,20,39020
TRUE,FALSE,FALSE,FALSE,FALSE,20,34129
TRUE,FALSE,FALSE,FALSE,FALSE,20,29150
TRUE,FALSE,FALSE,FALSE,FALSE,20,76055
TRUE,FALSE,FALSE,FALSE,FALSE,20,73060
TRUE,FALSE,FALSE,FALSE,FALSE,20,69628
TRUE,FALSE,FALSE,FALSE,FALSE,20,89853
TRUE,FALSE,FALSE,FALSE,FALSE,20,62214
TRUE,FALSE,FALSE,FALSE,FALSE,20,52935
TRUE,FALSE,FALSE,FALSE,FALSE,20,49192
TRUE,FALSE,FALSE,FALSE,FALSE,20,44918
TRUE,FALSE,TRUE,TRUE,FALSE,0,17767
TRUE,FALSE,TRUE,TRUE,FALSE,0,16452
TRUE,FALSE,TRUE,TRUE,FALSE,0,24717
TRUE,FALSE,TRUE,TRUE,FALSE,0,14399
TRUE,FALSE,TRUE,TRUE,FALSE,0,19508
TRUE,FALSE,TRUE,TRUE,FALSE,0,11032
TRUE,FALSE,TRUE,TRUE,FALSE,0,9560
TRUE,FALSE,TRUE,TRUE,FALSE,0,6325
TRUE,FALSE,TRUE,TRUE,FALSE,0,19549
TRUE,FALSE,TRUE,TRUE,FALSE,0,17919
TRUE,FALSE,TRUE,TRUE,FALSE,0,20737
TRUE,FALSE,TRUE,TRUE,FALSE,0,19373
TRUE,FALSE,TRUE,TRUE,FALSE,0,12773
TRUE,FALSE,TRUE,TRUE,FALSE,0,10592
TRUE,FALSE,TRUE,TRUE,FALSE,0,10145
TRUE,FALSE,TRUE,TRUE,FALSE,0,10309
TRUE,FALSE,TRUE,TRUE,FALSE,0,21246
TRUE,FALSE,TRUE,TRUE,FALSE,0,16243
TRUE,FALSE,TRUE,TRUE,FALSE,0,15506
TRUE,FALSE,TRUE,TRUE,FALSE,0,18744
TRUE,FALSE,TRUE,TRUE,FALSE,0,14843
TRUE,FALSE,TRUE,TRUE,FALSE,0,13980
TRUE,FALSE,TRUE,TRUE,FALSE,0,12707
TRUE,FALSE,TRUE,TRUE,FALSE,0,8252
TRUE,FALSE,TRUE,TRUE,FALSE,0,14982
TRUE,FALSE,TRUE,TRUE,FALSE,0,17299
TRUE,FALSE,TRUE,TRUE,FALSE,0,12210
TRUE,FALSE,TRUE,TRUE,FALSE,0,11876
TRUE,FALSE,TRUE,TRUE,FALSE,0,9608
TRUE,FALSE,TRUE,TRUE,FALSE,0,9947
TRUE,FALSE,TRUE,TRUE,FALSE,0,21163
TRUE,FALSE,TRUE,TRUE,FALSE,0,6529
TRUE,FALSE,TRUE,TRUE,FALSE,0,21716
TRUE,FALSE,TRUE,TRUE,FALSE,0,19178
TRUE,FALSE,TRUE,TRUE,FALSE,0,15133
TRUE,FALSE,TRUE,TRUE,FALSE,0,14602
TRUE,FALSE,TRUE,TRUE,FALSE,0,11826
TRUE,FALSE,TRUE,TRUE,FALSE,0,11652
TRUE,FALSE,TRUE,TRUE,FALSE,0,10675
TRUE,FALSE,TRUE,TRUE,FALSE,0,8030
TRUE,FALSE,TRUE,TRUE,FALSE,0,17242
TRUE,FALSE,TRUE,TRUE,FALSE,0,17079
TRUE,FALSE,TRUE,TRUE,FALSE,0,19294
TRUE,FALSE,TRUE,TRUE,FALSE,0,21481
TRUE,FALSE,TRUE,TRUE,FALSE,0,20579
TRUE,FALSE,TRUE,TRUE,FALSE,0,29757
TRUE,FALSE,TRUE,TRUE,FALSE,0,13634
TRUE,FALSE,TRUE,TRUE,FALSE,0,18694
TRUE,FALSE,TRUE,FALSE,TRUE,0,40220
TRUE,FALSE,TRUE,FALSE,TRUE,0,51618
TRUE,FALSE,TRUE,FALSE,TRUE,0,46384
TRUE,FALSE,TRUE,FALSE,TRUE,0,35075
TRUE,FALSE,TRUE,FALSE,TRUE,0,34523
TRUE,FALSE,TRUE,FALSE,TRUE,0,25673
TRUE,FALSE,TRUE,FALSE,TRUE,0,26315
TRUE,FALSE,TRUE,FALSE,TRUE,0,24053
TRUE,FALSE,TRUE,FALSE,TRUE,0,54962
TRUE,FALSE,TRUE,FALSE,TRUE,0,55636
TRUE,FALSE,TRUE,FALSE,TRUE,0,53149
TRUE,FALSE,TRUE,FALSE,TRUE,0,38087
TRUE,FALSE,TRUE,FALSE,TRUE,0,34819
TRUE,FALSE,TRUE,FALSE,TRUE,0,27509
TRUE,FALSE,TRUE,FALSE,TRUE,0,23503
TRUE,FALSE,TRUE,FALSE,TRUE,0,23664
TRUE,FALSE,TRUE,FALSE,TRUE,0,40905
TRUE,FALSE,TRUE,FALSE,TRUE,0,44725
TRUE,FALSE,TRUE,FALSE,TRUE,0,41988
TRUE,FALSE,TRUE,FALSE,TRUE,0,37716
TRUE,FALSE,TRUE,FALSE,TRUE,0,40497
TRUE,FALSE,TRUE,FALSE,TRUE,0,39006
TRUE,FALSE,TRUE,FALSE,TRUE,0,39118
TRUE,FALSE,TRUE,FALSE,TRUE,0,32486
TRUE,FALSE,TRUE,FALSE,TRUE,0,69563
TRUE,FALSE,TRUE,FALSE,TRUE,0,55988
TRUE,FALSE,TRUE,FALSE,TRUE,0,47548
TRUE,FALSE,TRUE,FALSE,TRUE,0,37034
TRUE,FALSE,TRUE,FALSE,TRUE,0,31975
TRUE,FALSE,TRUE,FALSE,TRUE,0,26013
TRUE,FALSE,TRUE,FALSE,TRUE,0,24304
TRUE,FALSE,TRUE,FALSE,TRUE,0,23652
TRUE,FALSE,TRUE,FALSE,TRUE,0,52901
TRUE,FALSE,TRUE,FALSE,TRUE,0,54165
TRUE,FALSE,TRUE,FALSE,TRUE,0,55571
TRUE,FALSE,TRUE,FALSE,TRUE,0,41771
TRUE,FALSE,TRUE,FALSE,TRUE,0,32778
TRUE,FALSE,TRUE,FALSE,TRUE,0,28513
TRUE,FALSE,TRUE,FALSE,TRUE,0,25700
TRUE,FALSE,TRUE,FALSE,TRUE,0,23578
TRUE,FALSE,TRUE,FALSE,TRUE,0,48240
TRUE,FALSE,TRUE,FALSE,TRUE,0,51538
TRUE,FALSE,TRUE,FALSE,TRUE,0,46959
TRUE,FALSE,TRUE,FALSE,TRUE,0,49305
TRUE,FALSE,TRUE,FALSE,TRUE,0,50504
TRUE,FALSE,TRUE,FALSE,TRUE,0,53450
TRUE,FALSE,TRUE,FALSE,TRUE,0,54737
TRUE,FALSE,TRUE,FALSE,TRUE,0,30376
TRUE,FALSE,TRUE,FALSE,FALSE,0,49477
TRUE,FALSE,TRUE,FALSE,FALSE,0,35673
TRUE,FALSE,TRUE,FALSE,FALSE,0,53666
TRUE,FALSE,TRUE,FALSE,FALSE,0,50555
TRUE,FALSE,TRUE,FALSE,FALSE,0,29879
TRUE,FALSE,TRUE,FALSE,FALSE,0,19862
TRUE,FALSE,TRUE,FALSE,FALSE,0,18124
TRUE,FALSE,TRUE,FALSE,FALSE,0,15770
TRUE,FALSE,TRUE,FALSE,FALSE,0,48674
TRUE,FALSE,TRUE,FALSE,FALSE,0,42122
TRUE,FALSE,TRUE,FALSE,FALSE,0,49109
TRUE,FALSE,TRUE,FALSE,FALSE,0,47130
TRUE,FALSE,TRUE,FALSE,FALSE,0,31752
TRUE,FALSE,TRUE,FALSE,FALSE,0,28048
TRUE,FALSE,TRUE,FALSE,FALSE,0,23734
TRUE,FALSE,TRUE,FALSE,FALSE,0,24090
TRUE,FALSE,TRUE,FALSE,FALSE,0,29532
TRUE,FALSE,TRUE,FALSE,FALSE,0,30957
TRUE,FALSE,TRUE,FALSE,FALSE,0,35805
TRUE,FALSE,TRUE,FALSE,FALSE,0,31213
TRUE,FALSE,TRUE,FALSE,FALSE,0,33434
TRUE,FALSE,TRUE,FALSE,FALSE,0,30366
TRUE,FALSE,TRUE,FALSE,FALSE,0,32309
TRUE,FALSE,TRUE,FALSE,FALSE,0,16467
TRUE,FALSE,TRUE,FALSE,FALSE,0,42123
TRUE,FALSE,TRUE,FALSE,FALSE,0,41505
TRUE,FALSE,TRUE,FALSE,FALSE,0,36438
TRUE,FALSE,TRUE,FALSE,FALSE,0,28386
TRUE,FALSE,TRUE,FALSE,FALSE,0,26676
TRUE,FALSE,TRUE,FALSE,FALSE,0,25043
TRUE,FALSE,TRUE,FALSE,FALSE,0,21517
TRUE,FALSE,TRUE,FALSE,FALSE,0,22307
TRUE,FALSE,TRUE,FALSE,FALSE,0,60269
TRUE,FALSE,TRUE,FALSE,FALSE,0,48124
TRUE,FALSE,TRUE,FALSE,FALSE,0,39047
TRUE,FALSE,TRUE,FALSE,FALSE,0,31915
TRUE,FALSE,TRUE,FALSE,FALSE,0,28593
TRUE,FALSE,TRUE,FALSE,FALSE,0,25769
TRUE,FALSE,TRUE,FALSE,FALSE,0,25241
TRUE,FALSE,TRUE,FALSE,FALSE,0,25430
TRUE,FALSE,TRUE,FALSE,FALSE,0,33510
TRUE,FALSE,TRUE,FALSE,FALSE,0,33489
TRUE,FALSE,TRUE,FALSE,FALSE,0,36075
TRUE,FALSE,TRUE,FALSE,FALSE,0,34542
TRUE,FALSE,TRUE,FALSE,FALSE,0,33377
TRUE,FALSE,TRUE,FALSE,FALSE,0,33184
TRUE,FALSE,TRUE,FALSE,FALSE,0,32558
TRUE,FALSE,TRUE,FALSE,FALSE,0,23606
TRUE,FALSE,TRUE,FALSE,FALSE,0.002,42123
TRUE,FALSE,TRUE,FALSE,FALSE,0.002,41505
TRUE,FALSE,TRUE,FALSE,FALSE,0.002,36438
TRUE,FALSE,TRUE,FALSE,FALSE,0.002,28386
TRUE,FALSE,TRUE,FALSE,FALSE,0.002,26676
TRUE,FALSE,TRUE,FALSE,FALSE,0.002,25043
TRUE,FALSE,TRUE,FALSE,FALSE,0.002,21517
TRUE,FALSE,TRUE,FALSE,FALSE,0.002,22307
TRUE,FALSE,TRUE,FALSE,FALSE,0.002,60269
TRUE,FALSE,TRUE,FALSE,FALSE,0.002,48124
TRUE,FALSE,TRUE,FALSE,FALSE,0.002,39047
TRUE,FALSE,TRUE,FALSE,FALSE,0.002,31915
TRUE,FALSE,TRUE,FALSE,FALSE,0.002,28593
TRUE,FALSE,TRUE,FALSE,FALSE,0.002,25769
TRUE,FALSE,TRUE,FALSE,FALSE,0.002,25241
TRUE,FALSE,TRUE,FALSE,FALSE,0.002,25430
TRUE,FALSE,TRUE,FALSE,FALSE,0.002,33510
TRUE,FALSE,TRUE,FALSE,FALSE,0.002,33489
TRUE,FALSE,TRUE,FALSE,FALSE,0.002,36075
TRUE,FALSE,TRUE,FALSE,FALSE,0.002,34542
TRUE,FALSE,TRUE,FALSE,FALSE,0.002,33377
TRUE,FALSE,TRUE,FALSE,FALSE,0.002,33184
TRUE,FALSE,TRUE,FALSE,FALSE,0.002,32558
TRUE,FALSE,TRUE,FALSE,FALSE,0.002,23606
TRUE,FALSE,TRUE,FALSE,FALSE,0.002,52258
TRUE,FALSE,TRUE,FALSE,FALSE,0.002,53252
TRUE,FALSE,TRUE,FALSE,FALSE,0.002,41671
TRUE,FALSE,TRUE,FALSE,FALSE,0.002,34244
TRUE,FALSE,TRUE,FALSE,FALSE,0.002,27753
TRUE,FALSE,TRUE,FALSE,FALSE,0.002,28262
TRUE,FALSE,TRUE,FALSE,FALSE,0.002,23759
TRUE,FALSE,TRUE,FALSE,FALSE,0.002,21690
TRUE,FALSE,TRUE,FALSE,FALSE,0.002,58400
TRUE,FALSE,TRUE,FALSE,FALSE,0.002,62007
TRUE,FALSE,TRUE,FALSE,FALSE,0.002,50200
TRUE,FALSE,TRUE,FALSE,FALSE,0.002,40503
TRUE,FALSE,TRUE,FALSE,FALSE,0.002,32931
TRUE,FALSE,TRUE,FALSE,FALSE,0.002,31268
TRUE,FALSE,TRUE,FALSE,FALSE,0.002,27966
TRUE,FALSE,TRUE,FALSE,FALSE,0.002,33326
TRUE,FALSE,TRUE,FALSE,FALSE,0.002,35164
TRUE,FALSE,TRUE,FALSE,FALSE,0.002,39574
TRUE,FALSE,TRUE,FALSE,FALSE,0.002,39177
TRUE,FALSE,TRUE,FALSE,FALSE,0.002,38971
TRUE,FALSE,TRUE,FALSE,FALSE,0.002,36208
TRUE,FALSE,TRUE,FALSE,FALSE,0.002,36655
TRUE,FALSE,TRUE,FALSE,FALSE,0.002,32619
TRUE,FALSE,TRUE,FALSE,FALSE,0.002,30907
TRUE,FALSE,TRUE,FALSE,FALSE,1,58271
TRUE,FALSE,TRUE,FALSE,FALSE,1,53341
TRUE,FALSE,TRUE,FALSE,FALSE,1,49376
TRUE,FALSE,TRUE,FALSE,FALSE,1,39977
TRUE,FALSE,TRUE,FALSE,FALSE,1,32276
TRUE,FALSE,TRUE,FALSE,FALSE,1,27178
TRUE,FALSE,TRUE,FALSE,FALSE,1,24731
TRUE,FALSE,TRUE,FALSE,FALSE,1,24710
TRUE,FALSE,TRUE,FALSE,FALSE,1,58920
TRUE,FALSE,TRUE,FALSE,FALSE,1,62738
TRUE,FALSE,TRUE,FALSE,FALSE,1,57450
TRUE,FALSE,TRUE,FALSE,FALSE,1,46043
TRUE,FALSE,TRUE,FALSE,FALSE,1,41599
TRUE,FALSE,TRUE,FALSE,FALSE,1,35717
TRUE,FALSE,TRUE,FALSE,FALSE,1,34630
TRUE,FALSE,TRUE,FALSE,FALSE,1,27409
TRUE,FALSE,TRUE,FALSE,FALSE,1,39821
TRUE,FALSE,TRUE,FALSE,FALSE,1,40237
TRUE,FALSE,TRUE,FALSE,FALSE,1,49469
TRUE,FALSE,TRUE,FALSE,FALSE,1,42732
TRUE,FALSE,TRUE,FALSE,FALSE,1,36080
TRUE,FALSE,TRUE,FALSE,FALSE,1,33981
TRUE,FALSE,TRUE,FALSE,FALSE,1,34667
TRUE,FALSE,TRUE,FALSE,FALSE,1,29390
TRUE,FALSE,TRUE,FALSE,FALSE,1,49768
TRUE,FALSE,TRUE,FALSE,FALSE,1,52937
TRUE,FALSE,TRUE,FALSE,FALSE,1,39042
TRUE,FALSE,TRUE,FALSE,FALSE,1,38529
TRUE,FALSE,TRUE,FALSE,FALSE,1,29537
TRUE,FALSE,TRUE,FALSE,FALSE,1,28707
TRUE,FALSE,TRUE,FALSE,FALSE,1,23060
TRUE,FALSE,TRUE,FALSE,FALSE,1,21191
TRUE,FALSE,TRUE,FALSE,FALSE,1,29378
TRUE,FALSE,TRUE,FALSE,FALSE,1,62267
TRUE,FALSE,TRUE,FALSE,FALSE,1,44471
TRUE,FALSE,TRUE,FALSE,FALSE,1,45322
TRUE,FALSE,TRUE,FALSE,FALSE,1,37831
TRUE,FALSE,TRUE,FALSE,FALSE,1,33044
TRUE,FALSE,TRUE,FALSE,FALSE,1,26917
TRUE,FALSE,TRUE,FALSE,FALSE,1,24102
TRUE,FALSE,TRUE,FALSE,FALSE,1,36695
TRUE,FALSE,TRUE,FALSE,FALSE,1,40613
TRUE,FALSE,TRUE,FALSE,FALSE,1,39773
TRUE,FALSE,TRUE,FALSE,FALSE,1,44640
TRUE,FALSE,TRUE,FALSE,FALSE,1,38896
TRUE,FALSE,TRUE,FALSE,FALSE,1,37815
TRUE,FALSE,TRUE,FALSE,FALSE,1,33323
TRUE,FALSE,TRUE,FALSE,FALSE,1,32813
TRUE,FALSE,TRUE,FALSE,FALSE,20,57779
TRUE,FALSE,TRUE,FALSE,FALSE,20,59187
TRUE,FALSE,TRUE,FALSE,FALSE,20,47015
TRUE,FALSE,TRUE,FALSE,FALSE,20,42567
TRUE,FALSE,TRUE,FALSE,FALSE,20,37946
TRUE,FALSE,TRUE,FALSE,FALSE,20,38475
TRUE,FALSE,TRUE,FALSE,FALSE,20,35222
TRUE,FALSE,TRUE,FALSE,FALSE,20,29725
TRUE,FALSE,TRUE,FALSE,FALSE,20,72916
TRUE,FALSE,TRUE,FALSE,FALSE,20,77544
TRUE,FALSE,TRUE,FALSE,FALSE,20,59637
TRUE,FALSE,TRUE,FALSE,FALSE,20,54722
TRUE,FALSE,TRUE,FALSE,FALSE,20,45166
TRUE,FALSE,TRUE,FALSE,FALSE,20,38120
TRUE,FALSE,TRUE,FALSE,FALSE,20,33817
TRUE,FALSE,TRUE,FALSE,FALSE,20,32838
TRUE,FALSE,TRUE,FALSE,FALSE,20,37173
TRUE,FALSE,TRUE,FALSE,FALSE,20,46485
TRUE,FALSE,TRUE,FALSE,FALSE,20,45278
TRUE,FALSE,TRUE,FALSE,FALSE,20,49380
TRUE,FALSE,TRUE,FALSE,FALSE,20,41470
TRUE,FALSE,TRUE,FALSE,FALSE,20,40711
TRUE,FALSE,TRUE,FALSE,FALSE,20,36824
TRUE,FALSE,TRUE,FALSE,FALSE,20,36842
TRUE,FALSE,TRUE,FALSE,FALSE,20,68179
TRUE,FALSE,TRUE,FALSE,FALSE,20,79554
TRUE,FALSE,TRUE,FALSE,FALSE,20,62382
TRUE,FALSE,TRUE,FALSE,FALSE,20,55594
TRUE,FALSE,TRUE,FALSE,FALSE,20,40214
TRUE,FALSE,TRUE,FALSE,FALSE,20,37715
TRUE,FALSE,TRUE,FALSE,FALSE,20,28312
TRUE,FALSE,TRUE,FALSE,FALSE,20,31771
TRUE,FALSE,TRUE,FALSE,FALSE,20,78000
TRUE,FALSE,TRUE,FALSE,FALSE,20,71933
TRUE,FALSE,TRUE,FALSE,FALSE,20,51193
TRUE,FALSE,TRUE,FALSE,FALSE,20,56576
TRUE,FALSE,TRUE,FALSE,FALSE,20,39958
TRUE,FALSE,TRUE,FALSE,FALSE,20,35928
TRUE,FALSE,TRUE,FALSE,FALSE,20,31178
TRUE,FALSE,TRUE,FALSE,FALSE,20,28495
TRUE,FALSE,TRUE,FALSE,FALSE,20,40671
TRUE,FALSE,TRUE,FALSE,FALSE,20,45568
TRUE,FALSE,TRUE,FALSE,FALSE,20,45174
TRUE,FALSE,TRUE,FALSE,FALSE,20,45748
TRUE,FALSE,TRUE,FALSE,FALSE,20,44623
TRUE,FALSE,TRUE,FALSE,FALSE,20,40771
TRUE,FALSE,TRUE,FALSE,FALSE,20,37368
TRUE,FALSE,TRUE,FALSE,FALSE,20,38919
FALSE,FALSE,TRUE,TRUE,FALSE,0,16642
FALSE,FALSE,TRUE,TRUE,FALSE,0,14519
FALSE,FALSE,TRUE,TRUE,FALSE,0,13104
FALSE,FALSE,TRUE,TRUE,FALSE,0,10385
FALSE,FALSE,TRUE,TRUE,FALSE,0,9765
FALSE,FALSE,TRUE,TRUE,FALSE,0,7046
FALSE,FALSE,TRUE,TRUE,FALSE,0,7979
FALSE,FALSE,TRUE,TRUE,FALSE,0,7157
FALSE,FALSE,TRUE,TRUE,FALSE,0,12893
FALSE,FALSE,TRUE,TRUE,FALSE,0,10527
FALSE,FALSE,TRUE,TRUE,FALSE,0,8394
FALSE,FALSE,TRUE,TRUE,FALSE,0,9475
FALSE,FALSE,TRUE,TRUE,FALSE,0,4031
FALSE,FALSE,TRUE,TRUE,FALSE,0,5561
FALSE,FALSE,TRUE,TRUE,FALSE,0,4575
FALSE,FALSE,TRUE,TRUE,FALSE,0,6744
FALSE,FALSE,TRUE,TRUE,FALSE,0,7167
FALSE,FALSE,TRUE,TRUE,FALSE,0,7362
FALSE,FALSE,TRUE,TRUE,FALSE,0,7028
FALSE,FALSE,TRUE,TRUE,FALSE,0,7754
FALSE,FALSE,TRUE,TRUE,FALSE,0,5781
FALSE,FALSE,TRUE,TRUE,FALSE,0,6733
FALSE,FALSE,TRUE,TRUE,FALSE,0,5963
FALSE,FALSE,TRUE,TRUE,FALSE,0,20851
FALSE,FALSE,TRUE,TRUE,FALSE,0,17959
FALSE,FALSE,TRUE,TRUE,FALSE,0,12571
FALSE,FALSE,TRUE,TRUE,FALSE,0,13247
FALSE,FALSE,TRUE,TRUE,FALSE,0,12051
FALSE,FALSE,TRUE,TRUE,FALSE,0,9335
FALSE,FALSE,TRUE,TRUE,FALSE,0,7293
FALSE,FALSE,TRUE,TRUE,FALSE,0,7639
FALSE,FALSE,TRUE,TRUE,FALSE,0,10779
FALSE,FALSE,TRUE,TRUE,FALSE,0,10181
FALSE,FALSE,TRUE,TRUE,FALSE,0,7199
FALSE,FALSE,TRUE,TRUE,FALSE,0,7952
FALSE,FALSE,TRUE,TRUE,FALSE,0,6986
FALSE,FALSE,TRUE,TRUE,FALSE,0,6590
FALSE,FALSE,TRUE,TRUE,FALSE,0,6523
FALSE,FALSE,TRUE,TRUE,FALSE,0,5574
FALSE,FALSE,TRUE,TRUE,FALSE,0,7349
FALSE,FALSE,TRUE,TRUE,FALSE,0,7410
FALSE,FALSE,TRUE,TRUE,FALSE,0,6063
FALSE,FALSE,TRUE,TRUE,FALSE,0,7362
FALSE,FALSE,TRUE,TRUE,FALSE,0,6586
FALSE,FALSE,TRUE,TRUE,FALSE,0,13817
FALSE,FALSE,TRUE,TRUE,FALSE,0,15036
FALSE,FALSE,TRUE,TRUE,FALSE,0,5346
FALSE,FALSE,TRUE,FALSE,TRUE,0,50932
FALSE,FALSE,TRUE,FALSE,TRUE,0,38509
FALSE,FALSE,TRUE,FALSE,TRUE,0,28401
FALSE,FALSE,TRUE,FALSE,TRUE,0,22681
FALSE,FALSE,TRUE,FALSE,TRUE,0,24410
FALSE,FALSE,TRUE,FALSE,TRUE,0,16900
FALSE,FALSE,TRUE,FALSE,TRUE,0,18145
FALSE,FALSE,TRUE,FALSE,TRUE,0,15154
FALSE,FALSE,TRUE,FALSE,TRUE,0,20177
FALSE,FALSE,TRUE,FALSE,TRUE,0,19971
FALSE,FALSE,TRUE,FALSE,TRUE,0,24561
FALSE,FALSE,TRUE,FALSE,TRUE,0,15684
FALSE,FALSE,TRUE,FALSE,TRUE,0,20649
FALSE,FALSE,TRUE,FALSE,TRUE,0,11865
FALSE,FALSE,TRUE,FALSE,TRUE,0,12075
FALSE,FALSE,TRUE,FALSE,TRUE,0,10973
FALSE,FALSE,TRUE,FALSE,TRUE,0,16161
FALSE,FALSE,TRUE,FALSE,TRUE,0,15080
FALSE,FALSE,TRUE,FALSE,TRUE,0,16025
FALSE,FALSE,TRUE,FALSE,TRUE,0,17274
FALSE,FALSE,TRUE,FALSE,TRUE,0,24172
FALSE,FALSE,TRUE,FALSE,TRUE,0,13625
FALSE,FALSE,TRUE,FALSE,TRUE,0,14058
FALSE,FALSE,TRUE,FALSE,TRUE,0,13882
FALSE,FALSE,TRUE,FALSE,TRUE,0,40487
FALSE,FALSE,TRUE,FALSE,TRUE,0,49472
FALSE,FALSE,TRUE,FALSE,TRUE,0,25424
FALSE,FALSE,TRUE,FALSE,TRUE,0,29024
FALSE,FALSE,TRUE,FALSE,TRUE,0,24623
FALSE,FALSE,TRUE,FALSE,TRUE,0,26877
FALSE,FALSE,TRUE,FALSE,TRUE,0,17427
FALSE,FALSE,TRUE,FALSE,TRUE,0,16486
FALSE,FALSE,TRUE,FALSE,TRUE,0,21600
FALSE,FALSE,TRUE,FALSE,TRUE,0,20410
FALSE,FALSE,TRUE,FALSE,TRUE,0,17411
FALSE,FALSE,TRUE,FALSE,TRUE,0,18074
FALSE,FALSE,TRUE,FALSE,TRUE,0,13543
FALSE,FALSE,TRUE,FALSE,TRUE,0,13067
FALSE,FALSE,TRUE,FALSE,TRUE,0,12716
FALSE,FALSE,TRUE,FALSE,TRUE,0,11542
FALSE,FALSE,TRUE,FALSE,TRUE,0,20381
FALSE,FALSE,TRUE,FALSE,TRUE,0,15519
FALSE,FALSE,TRUE,FALSE,TRUE,0,16837
FALSE,FALSE,TRUE,FALSE,TRUE,0,17021
FALSE,FALSE,TRUE,FALSE,TRUE,0,17123
FALSE,FALSE,TRUE,FALSE,TRUE,0,15367
FALSE,FALSE,TRUE,FALSE,TRUE,0,15073
FALSE,FALSE,TRUE,FALSE,TRUE,0,13438
FALSE,FALSE,TRUE,FALSE,FALSE,0,32663
FALSE,FALSE,TRUE,FALSE,FALSE,0,27540
FALSE,FALSE,TRUE,FALSE,FALSE,0,22268
FALSE,FALSE,TRUE,FALSE,FALSE,0,20322
FALSE,FALSE,TRUE,FALSE,FALSE,0,17699
FALSE,FALSE,TRUE,FALSE,FALSE,0,16101
FALSE,FALSE,TRUE,FALSE,FALSE,0,13440
FALSE,FALSE,TRUE,FALSE,FALSE,0,15430
FALSE,FALSE,TRUE,FALSE,FALSE,0,21644
FALSE,FALSE,TRUE,FALSE,FALSE,0,24358
FALSE,FALSE,TRUE,FALSE,FALSE,0,17241
FALSE,FALSE,TRUE,FALSE,FALSE,0,16720
FALSE,FALSE,TRUE,FALSE,FALSE,0,13279
FALSE,FALSE,TRUE,FALSE,FALSE,0,11886
FALSE,FALSE,TRUE,FALSE,FALSE,0,12874
FALSE,FALSE,TRUE,FALSE,FALSE,0,11884
FALSE,FALSE,TRUE,FALSE,FALSE,0,14114
FALSE,FALSE,TRUE,FALSE,FALSE,0,13206
FALSE,FALSE,TRUE,FALSE,FALSE,0,12105
FALSE,FALSE,TRUE,FALSE,FALSE,0,13137
FALSE,FALSE,TRUE,FALSE,FALSE,0,11594
FALSE,FALSE,TRUE,FALSE,FALSE,0,11781
FALSE,FALSE,TRUE,FALSE,FALSE,0,10399
FALSE,FALSE,TRUE,FALSE,FALSE,0,10410
FALSE,FALSE,TRUE,FALSE,FALSE,0,44181
FALSE,FALSE,TRUE,FALSE,FALSE,0,34594
FALSE,FALSE,TRUE,FALSE,FALSE,0,27291
FALSE,FALSE,TRUE,FALSE,FALSE,0,26815
FALSE,FALSE,TRUE,FALSE,FALSE,0,21297
FALSE,FALSE,TRUE,FALSE,FALSE,0,16930
FALSE,FALSE,TRUE,FALSE,FALSE,0,15638
FALSE,FALSE,TRUE,FALSE,FALSE,0,13439
FALSE,FALSE,TRUE,FALSE,FALSE,0,19367
FALSE,FALSE,TRUE,FALSE,FALSE,0,18292
FALSE,FALSE,TRUE,FALSE,FALSE,0,14602
FALSE,FALSE,TRUE,FALSE,FALSE,0,14457
FALSE,FALSE,TRUE,FALSE,FALSE,0,12465
FALSE,FALSE,TRUE,FALSE,FALSE,0,12085
FALSE,FALSE,TRUE,FALSE,FALSE,0,11718
FALSE,FALSE,TRUE,FALSE,FALSE,0,10241
FALSE,FALSE,TRUE,FALSE,FALSE,0,11095
FALSE,FALSE,TRUE,FALSE,FALSE,0,9700
FALSE,FALSE,TRUE,FALSE,FALSE,0,10702
FALSE,FALSE,TRUE,FALSE,FALSE,0,12337
FALSE,FALSE,TRUE,FALSE,FALSE,0,9762
FALSE,FALSE,TRUE,FALSE,FALSE,0,8935
FALSE,FALSE,TRUE,FALSE,FALSE,0,9327
FALSE,FALSE,TRUE,FALSE,FALSE,0,8795
FALSE,FALSE,TRUE,FALSE,FALSE,0.002,40818
FALSE,FALSE,TRUE,FALSE,FALSE,0.002,33753
FALSE,FALSE,TRUE,FALSE,FALSE,0.002,32299
FALSE,FALSE,TRUE,FALSE,FALSE,0.002,24997
FALSE,FALSE,TRUE,FALSE,FALSE,0.002,24264
FALSE,FALSE,TRUE,FALSE,FALSE,0.002,19377
FALSE,FALSE,TRUE,FALSE,FALSE,0.002,18214
FALSE,FALSE,TRUE,FALSE,FALSE,0.002,18582
FALSE,FALSE,TRUE,FALSE,FALSE,0.002,32194
FALSE,FALSE,TRUE,FALSE,FALSE,0.002,18649
FALSE,FALSE,TRUE,FALSE,FALSE,0.002,18404
FALSE,FALSE,TRUE,FALSE,FALSE,0.002,21752
FALSE,FALSE,TRUE,FALSE,FALSE,0.002,19438
FALSE,FALSE,TRUE,FALSE,FALSE,0.002,15423
FALSE,FALSE,TRUE,FALSE,FALSE,0.002,18932
FALSE,FALSE,TRUE,FALSE,FALSE,0.002,13048
FALSE,FALSE,TRUE,FALSE,FALSE,0.002,15362
FALSE,FALSE,TRUE,FALSE,FALSE,0.002,12916
FALSE,FALSE,TRUE,FALSE,FALSE,0.002,13007
FALSE,FALSE,TRUE,FALSE,FALSE,0.002,14815
FALSE,FALSE,TRUE,FALSE,FALSE,0.002,12203
FALSE,FALSE,TRUE,FALSE,FALSE,0.002,10658
FALSE,FALSE,TRUE,FALSE,FALSE,0.002,11208
FALSE,FALSE,TRUE,FALSE,FALSE,0.002,12944
FALSE,FALSE,TRUE,FALSE,FALSE,0.002,45775
FALSE,FALSE,TRUE,FALSE,FALSE,0.002,34367
FALSE,FALSE,TRUE,FALSE,FALSE,0.002,34332
FALSE,FALSE,TRUE,FALSE,FALSE,0.002,28637
FALSE,FALSE,TRUE,FALSE,FALSE,0.002,29118
FALSE,FALSE,TRUE,FALSE,FALSE,0.002,20322
FALSE,FALSE,TRUE,FALSE,FALSE,0.002,21326
FALSE,FALSE,TRUE,FALSE,FALSE,0.002,18524
FALSE,FALSE,TRUE,FALSE,FALSE,0.002,24770
FALSE,FALSE,TRUE,FALSE,FALSE,0.002,25178
FALSE,FALSE,TRUE,FALSE,FALSE,0.002,23157
FALSE,FALSE,TRUE,FALSE,FALSE,0.002,17221
FALSE,FALSE,TRUE,FALSE,FALSE,0.002,17279
FALSE,FALSE,TRUE,FALSE,FALSE,0.002,13362
FALSE,FALSE,TRUE,FALSE,FALSE,0.002,13726
FALSE,FALSE,TRUE,FALSE,FALSE,0.002,15135
FALSE,FALSE,TRUE,FALSE,FALSE,0.002,15507
FALSE,FALSE,TRUE,FALSE,FALSE,0.002,18649
FALSE,FALSE,TRUE,FALSE,FALSE,0.002,16683
FALSE,FALSE,TRUE,FALSE,FALSE,0.002,14769
FALSE,FALSE,TRUE,FALSE,FALSE,0.002,13704
FALSE,FALSE,TRUE,FALSE,FALSE,0.002,12610
FALSE,FALSE,TRUE,FALSE,FALSE,0.002,10614
FALSE,FALSE,TRUE,FALSE,FALSE,0.002,11831
FALSE,FALSE,TRUE,FALSE,FALSE,1,44620
FALSE,FALSE,TRUE,FALSE,FALSE,1,40655
FALSE,FALSE,TRUE,FALSE,FALSE,1,31164
FALSE,FALSE,TRUE,FALSE,FALSE,1,26365
FALSE,FALSE,TRUE,FALSE,FALSE,1,22980
FALSE,FALSE,TRUE,FALSE,FALSE,1,18258
FALSE,FALSE,TRUE,FALSE,FALSE,1,18439
FALSE,FALSE,TRUE,FALSE,FALSE,1,16358
FALSE,FALSE,TRUE,FALSE,FALSE,1,26582
FALSE,FALSE,TRUE,FALSE,FALSE,1,23323
FALSE,FALSE,TRUE,FALSE,FALSE,1,17838
FALSE,FALSE,TRUE,FALSE,FALSE,1,17425
FALSE,FALSE,TRUE,FALSE,FALSE,1,16216
FALSE,FALSE,TRUE,FALSE,FALSE,1,14770
FALSE,FALSE,TRUE,FALSE,FALSE,1,13730
FALSE,FALSE,TRUE,FALSE,FALSE,1,12588
FALSE,FALSE,TRUE,FALSE,FALSE,1,15215
FALSE,FALSE,TRUE,FALSE,FALSE,1,14316
FALSE,FALSE,TRUE,FALSE,FALSE,1,14666
FALSE,FALSE,TRUE,FALSE,FALSE,1,14538
FALSE,FALSE,TRUE,FALSE,FALSE,1,15818
FALSE,FALSE,TRUE,FALSE,FALSE,1,14205
FALSE,FALSE,TRUE,FALSE,FALSE,1,13616
FALSE,FALSE,TRUE,FALSE,FALSE,1,13240
FALSE,FALSE,TRUE,FALSE,FALSE,1,42819
FALSE,FALSE,TRUE,FALSE,FALSE,1,30168
FALSE,FALSE,TRUE,FALSE,FALSE,1,25115
FALSE,FALSE,TRUE,FALSE,FALSE,1,22468
FALSE,FALSE,TRUE,FALSE,FALSE,1,24098
FALSE,FALSE,TRUE,FALSE,FALSE,1,18688
FALSE,FALSE,TRUE,FALSE,FALSE,1,15001
FALSE,FALSE,TRUE,FALSE,FALSE,1,13256
FALSE,FALSE,TRUE,FALSE,FALSE,1,23963
FALSE,FALSE,TRUE,FALSE,FALSE,1,21830
FALSE,FALSE,TRUE,FALSE,FALSE,1,19622
FALSE,FALSE,TRUE,FALSE,FALSE,1,18591
FALSE,FALSE,TRUE,FALSE,FALSE,1,16033
FALSE,FALSE,TRUE,FALSE,FALSE,1,12838
FALSE,FALSE,TRUE,FALSE,FALSE,1,13441
FALSE,FALSE,TRUE,FALSE,FALSE,1,11967
FALSE,FALSE,TRUE,FALSE,FALSE,1,16752
FALSE,FALSE,TRUE,FALSE,FALSE,1,17513
FALSE,FALSE,TRUE,FALSE,FALSE,1,14994
FALSE,FALSE,TRUE,FALSE,FALSE,1,14930
FALSE,FALSE,TRUE,FALSE,FALSE,1,14849
FALSE,FALSE,TRUE,FALSE,FALSE,1,15359
FALSE,FALSE,TRUE,FALSE,FALSE,1,14848
FALSE,FALSE,TRUE,FALSE,FALSE,1,13955
FALSE,FALSE,TRUE,FALSE,FALSE,20,41389
FALSE,FALSE,TRUE,FALSE,FALSE,20,36565
FALSE,FALSE,TRUE,FALSE,FALSE,20,29843
FALSE,FALSE,TRUE,FALSE,FALSE,20,22723
FALSE,FALSE,TRUE,FALSE,FALSE,20,24865
FALSE,FALSE,TRUE,FALSE,FALSE,20,20556
FALSE,FALSE,TRUE,FALSE,FALSE,20,22374
FALSE,FALSE,TRUE,FALSE,FALSE,20,22956
FALSE,FALSE,TRUE,FALSE,FALSE,20,25357
FALSE,FALSE,TRUE,FALSE,FALSE,20,23271
FALSE,FALSE,TRUE,FALSE,FALSE,20,25022
FALSE,FALSE,TRUE,FALSE,FALSE,20,21122
FALSE,FALSE,TRUE,FALSE,FALSE,20,20522
FALSE,FALSE,TRUE,FALSE,FALSE,20,14039
FALSE,FALSE,TRUE,FALSE,FALSE,20,13509
FALSE,FALSE,TRUE,FALSE,FALSE,20,13847
FALSE,FALSE,TRUE,FALSE,FALSE,20,20019
FALSE,FALSE,TRUE,FALSE,FALSE,20,17218
FALSE,FALSE,TRUE,FALSE,FALSE,20,18627
FALSE,FALSE,TRUE,FALSE,FALSE,20,16952
FALSE,FALSE,TRUE,FALSE,FALSE,20,16768
FALSE,FALSE,TRUE,FALSE,FALSE,20,13749
FALSE,FALSE,TRUE,FALSE,FALSE,20,14812
FALSE,FALSE,TRUE,FALSE,FALSE,20,13852
FALSE,FALSE,TRUE,FALSE,FALSE,20,57071
FALSE,FALSE,TRUE,FALSE,FALSE,20,46858
FALSE,FALSE,TRUE,FALSE,FALSE,20,40530
FALSE,FALSE,TRUE,FALSE,FALSE,20,40056
FALSE,FALSE,TRUE,FALSE,FALSE,20,32621
FALSE,FALSE,TRUE,FALSE,FALSE,20,30177
FALSE,FALSE,TRUE,FALSE,FALSE,20,18979
FALSE,FALSE,TRUE,FALSE,FALSE,20,18401
FALSE,FALSE,TRUE,FALSE,FALSE,20,24819
FALSE,FALSE,TRUE,FALSE,FALSE,20,24245
FALSE,FALSE,TRUE,FALSE,FALSE,20,22047
FALSE,FALSE,TRUE,FALSE,FALSE,20,25602
FALSE,FALSE,TRUE,FALSE,FALSE,20,17185
FALSE,FALSE,TRUE,FALSE,FALSE,20,13915
FALSE,FALSE,TRUE,FALSE,FALSE,20,13081
FALSE,FALSE,TRUE,FALSE,FALSE,20,13273
FALSE,FALSE,TRUE,FALSE,FALSE,20,16360
FALSE,FALSE,TRUE,FALSE,FALSE,20,15271
FALSE,FALSE,TRUE,FALSE,FALSE,20,14697
FALSE,FALSE,TRUE,FALSE,FALSE,20,25164
FALSE,FALSE,TRUE,FALSE,FALSE,20,17402
FALSE,FALSE,TRUE,FALSE,FALSE,20,13370
FALSE,FALSE,TRUE,FALSE,FALSE,20,13337
FALSE,FALSE,TRUE,FALSE,FALSE,20,42617
TRUE,TRUE,FALSE,TRUE,FALSE,0,13145
TRUE,TRUE,FALSE,TRUE,FALSE,0,14657
TRUE,TRUE,FALSE,TRUE,FALSE,0,15641
TRUE,TRUE,FALSE,TRUE,FALSE,0,12741
TRUE,TRUE,FALSE,TRUE,FALSE,0,12220
TRUE,TRUE,FALSE,TRUE,FALSE,0,11367
TRUE,TRUE,FALSE,TRUE,FALSE,0,11140
TRUE,TRUE,FALSE,TRUE,FALSE,0,11008
TRUE,TRUE,FALSE,TRUE,FALSE,0,17345
TRUE,TRUE,FALSE,TRUE,FALSE,0,18952
TRUE,TRUE,FALSE,TRUE,FALSE,0,20294
TRUE,TRUE,FALSE,TRUE,FALSE,0,15072
TRUE,TRUE,FALSE,TRUE,FALSE,0,15648
TRUE,TRUE,FALSE,TRUE,FALSE,0,13518
TRUE,TRUE,FALSE,TRUE,FALSE,0,13240
TRUE,TRUE,FALSE,TRUE,FALSE,0,13351
TRUE,TRUE,FALSE,TRUE,FALSE,0,17776
TRUE,TRUE,FALSE,TRUE,FALSE,0,18607
TRUE,TRUE,FALSE,TRUE,FALSE,0,19005
TRUE,TRUE,FALSE,TRUE,FALSE,0,18243
TRUE,TRUE,FALSE,TRUE,FALSE,0,18436
TRUE,TRUE,FALSE,TRUE,FALSE,0,15819
TRUE,TRUE,FALSE,TRUE,FALSE,0,16584
TRUE,TRUE,FALSE,TRUE,FALSE,0,18068
TRUE,TRUE,FALSE,TRUE,FALSE,0,16212
TRUE,TRUE,FALSE,TRUE,FALSE,0,17035
TRUE,TRUE,FALSE,TRUE,FALSE,0,16174
TRUE,TRUE,FALSE,TRUE,FALSE,0,16387
TRUE,TRUE,FALSE,TRUE,FALSE,0,14135
TRUE,TRUE,FALSE,TRUE,FALSE,0,14159
TRUE,TRUE,FALSE,TRUE,FALSE,0,12410
TRUE,TRUE,FALSE,TRUE,FALSE,0,14322
TRUE,TRUE,FALSE,TRUE,FALSE,0,16742
TRUE,TRUE,FALSE,TRUE,FALSE,0,17751
TRUE,TRUE,FALSE,TRUE,FALSE,0,15525
TRUE,TRUE,FALSE,TRUE,FALSE,0,16113
TRUE,TRUE,FALSE,TRUE,FALSE,0,13129
TRUE,TRUE,FALSE,TRUE,FALSE,0,12889
TRUE,TRUE,FALSE,TRUE,FALSE,0,11257
TRUE,TRUE,FALSE,TRUE,FALSE,0,11649
TRUE,TRUE,FALSE,TRUE,FALSE,0,13453
TRUE,TRUE,FALSE,TRUE,FALSE,0,15594
TRUE,TRUE,FALSE,TRUE,FALSE,0,14911
TRUE,TRUE,FALSE,TRUE,FALSE,0,14777
TRUE,TRUE,FALSE,TRUE,FALSE,0,16133
TRUE,TRUE,FALSE,TRUE,FALSE,0,17059
TRUE,TRUE,FALSE,TRUE,FALSE,0,12399
TRUE,TRUE,FALSE,TRUE,FALSE,0,13684
TRUE,TRUE,FALSE,FALSE,TRUE,0,29892
TRUE,TRUE,FALSE,FALSE,TRUE,0,29070
TRUE,TRUE,FALSE,FALSE,TRUE,0,28312
TRUE,TRUE,FALSE,FALSE,TRUE,0,22035
TRUE,TRUE,FALSE,FALSE,TRUE,0,22234
TRUE,TRUE,FALSE,FALSE,TRUE,0,19273
TRUE,TRUE,FALSE,FALSE,TRUE,0,20080
TRUE,TRUE,FALSE,FALSE,TRUE,0,18694
TRUE,TRUE,FALSE,FALSE,TRUE,0,25139
TRUE,TRUE,FALSE,FALSE,TRUE,0,20578
TRUE,TRUE,FALSE,FALSE,TRUE,0,29959
TRUE,TRUE,FALSE,FALSE,TRUE,0,24391
TRUE,TRUE,FALSE,FALSE,TRUE,0,26211
TRUE,TRUE,FALSE,FALSE,TRUE,0,23566
TRUE,TRUE,FALSE,FALSE,TRUE,0,22757
TRUE,TRUE,FALSE,FALSE,TRUE,0,20052
TRUE,TRUE,FALSE,FALSE,TRUE,0,31986
TRUE,TRUE,FALSE,FALSE,TRUE,0,23156
TRUE,TRUE,FALSE,FALSE,TRUE,0,32998
TRUE,TRUE,FALSE,FALSE,TRUE,0,32580
TRUE,TRUE,FALSE,FALSE,TRUE,0,32031
TRUE,TRUE,FALSE,FALSE,TRUE,0,29331
TRUE,TRUE,FALSE,FALSE,TRUE,0,28489
TRUE,TRUE,FALSE,FALSE,TRUE,0,29474
TRUE,TRUE,FALSE,FALSE,TRUE,0,27637
TRUE,TRUE,FALSE,FALSE,TRUE,0,29485
TRUE,TRUE,FALSE,FALSE,TRUE,0,27766
TRUE,TRUE,FALSE,FALSE,TRUE,0,26336
TRUE,TRUE,FALSE,FALSE,TRUE,0,22083
TRUE,TRUE,FALSE,FALSE,TRUE,0,20900
TRUE,TRUE,FALSE,FALSE,TRUE,0,18552
TRUE,TRUE,FALSE,FALSE,TRUE,0,17716
TRUE,TRUE,FALSE,FALSE,TRUE,0,28754
TRUE,TRUE,FALSE,FALSE,TRUE,0,32544
TRUE,TRUE,FALSE,FALSE,TRUE,0,27787
TRUE,TRUE,FALSE,FALSE,TRUE,0,29397
TRUE,TRUE,FALSE,FALSE,TRUE,0,23211
TRUE,TRUE,FALSE,FALSE,TRUE,0,23446
TRUE,TRUE,FALSE,FALSE,TRUE,0,23025
TRUE,TRUE,FALSE,FALSE,TRUE,0,19079
TRUE,TRUE,FALSE,FALSE,TRUE,0,31873
TRUE,TRUE,FALSE,FALSE,TRUE,0,28874
TRUE,TRUE,FALSE,FALSE,TRUE,0,30249
TRUE,TRUE,FALSE,FALSE,TRUE,0,33267
TRUE,TRUE,FALSE,FALSE,TRUE,0,29248
TRUE,TRUE,FALSE,FALSE,TRUE,0,27878
TRUE,TRUE,FALSE,FALSE,TRUE,0,26723
TRUE,TRUE,FALSE,FALSE,TRUE,0,25939
TRUE,TRUE,FALSE,FALSE,FALSE,0,11347
TRUE,TRUE,FALSE,FALSE,FALSE,0,10864
TRUE,TRUE,FALSE,FALSE,FALSE,0,10589
TRUE,TRUE,FALSE,FALSE,FALSE,0,10189
TRUE,TRUE,FALSE,FALSE,FALSE,0,9404
TRUE,TRUE,FALSE,FALSE,FALSE,0,9299
TRUE,TRUE,FALSE,FALSE,FALSE,0,8783
TRUE,TRUE,FALSE,FALSE,FALSE,0,8700
TRUE,TRUE,FALSE,FALSE,FALSE,0,12088
TRUE,TRUE,FALSE,FALSE,FALSE,0,12930
TRUE,TRUE,FALSE,FALSE,FALSE,0,11632
TRUE,TRUE,FALSE,FALSE,FALSE,0,10409
TRUE,TRUE,FALSE,FALSE,FALSE,0,10239
TRUE,TRUE,FALSE,FALSE,FALSE,0,9719
TRUE,TRUE,FALSE,FALSE,FALSE,0,11148
TRUE,TRUE,FALSE,FALSE,FALSE,0,10697
TRUE,TRUE,FALSE,FALSE,FALSE,0,12470
TRUE,TRUE,FALSE,FALSE,FALSE,0,11981
TRUE,TRUE,FALSE,FALSE,FALSE,0,13026
TRUE,TRUE,FALSE,FALSE,FALSE,0,12689
TRUE,TRUE,FALSE,FALSE,FALSE,0,13120
TRUE,TRUE,FALSE,FALSE,FALSE,0,12303
TRUE,TRUE,FALSE,FALSE,FALSE,0,12316
TRUE,TRUE,FALSE,FALSE,FALSE,0,13633
TRUE,TRUE,FALSE,FALSE,FALSE,0,11569
TRUE,TRUE,FALSE,FALSE,FALSE,0,12742
TRUE,TRUE,FALSE,FALSE,FALSE,0,11181
TRUE,TRUE,FALSE,FALSE,FALSE,0,10769
TRUE,TRUE,FALSE,FALSE,FALSE,0,9970
TRUE,TRUE,FALSE,FALSE,FALSE,0,9363
TRUE,TRUE,FALSE,FALSE,FALSE,0,9588
TRUE,TRUE,FALSE,FALSE,FALSE,0,10401
TRUE,TRUE,FALSE,FALSE,FALSE,0,9995
TRUE,TRUE,FALSE,FALSE,FALSE,0,10384
TRUE,TRUE,FALSE,FALSE,FALSE,0,9798
TRUE,TRUE,FALSE,FALSE,FALSE,0,9473
TRUE,TRUE,FALSE,FALSE,FALSE,0,9845
TRUE,TRUE,FALSE,FALSE,FALSE,0,9225
TRUE,TRUE,FALSE,FALSE,FALSE,0,9945
TRUE,TRUE,FALSE,FALSE,FALSE,0,8504
TRUE,TRUE,FALSE,FALSE,FALSE,0,12124
TRUE,TRUE,FALSE,FALSE,FALSE,0,12200
TRUE,TRUE,FALSE,FALSE,FALSE,0,12819
TRUE,TRUE,FALSE,FALSE,FALSE,0,13622
TRUE,TRUE,FALSE,FALSE,FALSE,0,11437
TRUE,TRUE,FALSE,FALSE,FALSE,0,11728
TRUE,TRUE,FALSE,FALSE,FALSE,0,11680
TRUE,TRUE,FALSE,FALSE,FALSE,0,11536
TRUE,TRUE,FALSE,FALSE,FALSE,0.002,12571
TRUE,TRUE,FALSE,FALSE,FALSE,0.002,13604
TRUE,TRUE,FALSE,FALSE,FALSE,0.002,12736
TRUE,TRUE,FALSE,FALSE,FALSE,0.002,11633
TRUE,TRUE,FALSE,FALSE,FALSE,0.002,11799
TRUE,TRUE,FALSE,FALSE,FALSE,0.002,11286
TRUE,TRUE,FALSE,FALSE,FALSE,0.002,10844
TRUE,TRUE,FALSE,FALSE,FALSE,0.002,9867
TRUE,TRUE,FALSE,FALSE,FALSE,0.002,12613
TRUE,TRUE,FALSE,FALSE,FALSE,0.002,12928
TRUE,TRUE,FALSE,FALSE,FALSE,0.002,12133
TRUE,TRUE,FALSE,FALSE,FALSE,0.002,13603
TRUE,TRUE,FALSE,FALSE,FALSE,0.002,10509
TRUE,TRUE,FALSE,FALSE,FALSE,0.002,9726
TRUE,TRUE,FALSE,FALSE,FALSE,0.002,10511
TRUE,TRUE,FALSE,FALSE,FALSE,0.002,11446
TRUE,TRUE,FALSE,FALSE,FALSE,0.002,13397
TRUE,TRUE,FALSE,FALSE,FALSE,0.002,13093
TRUE,TRUE,FALSE,FALSE,FALSE,0.002,13421
TRUE,TRUE,FALSE,FALSE,FALSE,0.002,12195
TRUE,TRUE,FALSE,FALSE,FALSE,0.002,13229
TRUE,TRUE,FALSE,FALSE,FALSE,0.002,12897
TRUE,TRUE,FALSE,FALSE,FALSE,0.002,13928
TRUE,TRUE,FALSE,FALSE,FALSE,0.002,13132
TRUE,TRUE,FALSE,FALSE,FALSE,0.002,14947
TRUE,TRUE,FALSE,FALSE,FALSE,0.002,14404
TRUE,TRUE,FALSE,FALSE,FALSE,0.002,14201
TRUE,TRUE,FALSE,FALSE,FALSE,0.002,15905
TRUE,TRUE,FALSE,FALSE,FALSE,0.002,13165
TRUE,TRUE,FALSE,FALSE,FALSE,0.002,13549
TRUE,TRUE,FALSE,FALSE,FALSE,0.002,11822
TRUE,TRUE,FALSE,FALSE,FALSE,0.002,11098
TRUE,TRUE,FALSE,FALSE,FALSE,0.002,16017
TRUE,TRUE,FALSE,FALSE,FALSE,0.002,16061
TRUE,TRUE,FALSE,FALSE,FALSE,0.002,13644
TRUE,TRUE,FALSE,FALSE,FALSE,0.002,12980
TRUE,TRUE,FALSE,FALSE,FALSE,0.002,12069
TRUE,TRUE,FALSE,FALSE,FALSE,0.002,11567
TRUE,TRUE,FALSE,FALSE,FALSE,0.002,11134
TRUE,TRUE,FALSE,FALSE,FALSE,0.002,10574
TRUE,TRUE,FALSE,FALSE,FALSE,0.002,16713
TRUE,TRUE,FALSE,FALSE,FALSE,0.002,16063
TRUE,TRUE,FALSE,FALSE,FALSE,0.002,16115
TRUE,TRUE,FALSE,FALSE,FALSE,0.002,17001
TRUE,TRUE,FALSE,FALSE,FALSE,0.002,15506
TRUE,TRUE,FALSE,FALSE,FALSE,0.002,15342
TRUE,TRUE,FALSE,FALSE,FALSE,0.002,15522
TRUE,TRUE,FALSE,FALSE,FALSE,0.002,14061
TRUE,TRUE,FALSE,FALSE,FALSE,1,12082
TRUE,TRUE,FALSE,FALSE,FALSE,1,11935
TRUE,TRUE,FALSE,FALSE,FALSE,1,10532
TRUE,TRUE,FALSE,FALSE,FALSE,1,11010
TRUE,TRUE,FALSE,FALSE,FALSE,1,9346
TRUE,TRUE,FALSE,FALSE,FALSE,1,9451
TRUE,TRUE,FALSE,FALSE,FALSE,1,9452
TRUE,TRUE,FALSE,FALSE,FALSE,1,9043
TRUE,TRUE,FALSE,FALSE,FALSE,1,13341
TRUE,TRUE,FALSE,FALSE,FALSE,1,19988
TRUE,TRUE,FALSE,FALSE,FALSE,1,13734
TRUE,TRUE,FALSE,FALSE,FALSE,1,14071
TRUE,TRUE,FALSE,FALSE,FALSE,1,13769
TRUE,TRUE,FALSE,FALSE,FALSE,1,12557
TRUE,TRUE,FALSE,FALSE,FALSE,1,14669
TRUE,TRUE,FALSE,FALSE,FALSE,1,12014
TRUE,TRUE,FALSE,FALSE,FALSE,1,13091
TRUE,TRUE,FALSE,FALSE,FALSE,1,13074
TRUE,TRUE,FALSE,FALSE,FALSE,1,12302
TRUE,TRUE,FALSE,FALSE,FALSE,1,12534
TRUE,TRUE,FALSE,FALSE,FALSE,1,12654
TRUE,TRUE,FALSE,FALSE,FALSE,1,12116
TRUE,TRUE,FALSE,FALSE,FALSE,1,10186
TRUE,TRUE,FALSE,FALSE,FALSE,1,12606
TRUE,TRUE,FALSE,FALSE,FALSE,1,16610
TRUE,TRUE,FALSE,FALSE,FALSE,1,15836
TRUE,TRUE,FALSE,FALSE,FALSE,1,16549
TRUE,TRUE,FALSE,FALSE,FALSE,1,13655
TRUE,TRUE,FALSE,FALSE,FALSE,1,13470
TRUE,TRUE,FALSE,FALSE,FALSE,1,13179
TRUE,TRUE,FALSE,FALSE,FALSE,1,12771
TRUE,TRUE,FALSE,FALSE,FALSE,1,11375
TRUE,TRUE,FALSE,FALSE,FALSE,1,15833
TRUE,TRUE,FALSE,FALSE,FALSE,1,15353
TRUE,TRUE,FALSE,FALSE,FALSE,1,17562
TRUE,TRUE,FALSE,FALSE,FALSE,1,15018
TRUE,TRUE,FALSE,FALSE,FALSE,1,14881
TRUE,TRUE,FALSE,FALSE,FALSE,1,15491
TRUE,TRUE,FALSE,FALSE,FALSE,1,14589
TRUE,TRUE,FALSE,FALSE,FALSE,1,11665
TRUE,TRUE,FALSE,FALSE,FALSE,1,16600
TRUE,TRUE,FALSE,FALSE,FALSE,1,15098
TRUE,TRUE,FALSE,FALSE,FALSE,1,16078
TRUE,TRUE,FALSE,FALSE,FALSE,1,16378
TRUE,TRUE,FALSE,FALSE,FALSE,1,16960
TRUE,TRUE,FALSE,FALSE,FALSE,1,16761
TRUE,TRUE,FALSE,FALSE,FALSE,1,16175
TRUE,TRUE,FALSE,FALSE,FALSE,1,15917
TRUE,TRUE,FALSE,FALSE,FALSE,20,16087
TRUE,TRUE,FALSE,FALSE,FALSE,20,16238
TRUE,TRUE,FALSE,FALSE,FALSE,20,17710
TRUE,TRUE,FALSE,FALSE,FALSE,20,16100
TRUE,TRUE,FALSE,FALSE,FALSE,20,15990
TRUE,TRUE,FALSE,FALSE,FALSE,20,17938
TRUE,TRUE,FALSE,FALSE,FALSE,20,14270
TRUE,TRUE,FALSE,FALSE,FALSE,20,15086
TRUE,TRUE,FALSE,FALSE,FALSE,20,15743
TRUE,TRUE,FALSE,FALSE,FALSE,20,15665
TRUE,TRUE,FALSE,FALSE,FALSE,20,17154
TRUE,TRUE,FALSE,FALSE,FALSE,20,14358
TRUE,TRUE,FALSE,FALSE,FALSE,20,14738
TRUE,TRUE,FALSE,FALSE,FALSE,20,12802
TRUE,TRUE,FALSE,FALSE,FALSE,20,14076
TRUE,TRUE,FALSE,FALSE,FALSE,20,12288
TRUE,TRUE,FALSE,FALSE,FALSE,20,19624
TRUE,TRUE,FALSE,FALSE,FALSE,20,20428
TRUE,TRUE,FALSE,FALSE,FALSE,20,21513
TRUE,TRUE,FALSE,FALSE,FALSE,20,23215
TRUE,TRUE,FALSE,FALSE,FALSE,20,20446
TRUE,TRUE,FALSE,FALSE,FALSE,20,19996
TRUE,TRUE,FALSE,FALSE,FALSE,20,19466
TRUE,TRUE,FALSE,FALSE,FALSE,20,17703
TRUE,TRUE,FALSE,FALSE,FALSE,20,20266
TRUE,TRUE,FALSE,FALSE,FALSE,20,20772
TRUE,TRUE,FALSE,FALSE,FALSE,20,19484
TRUE,TRUE,FALSE,FALSE,FALSE,20,21951
TRUE,TRUE,FALSE,FALSE,FALSE,20,18918
TRUE,TRUE,FALSE,FALSE,FALSE,20,18930
TRUE,TRUE,FALSE,FALSE,FALSE,20,17123
TRUE,TRUE,FALSE,FALSE,FALSE,20,13710
TRUE,TRUE,FALSE,FALSE,FALSE,20,21439
TRUE,TRUE,FALSE,FALSE,FALSE,20,23716
TRUE,TRUE,FALSE,FALSE,FALSE,20,23640
TRUE,TRUE,FALSE,FALSE,FALSE,20,24357
TRUE,TRUE,FALSE,FALSE,FALSE,20,21788
TRUE,TRUE,FALSE,FALSE,FALSE,20,21580
TRUE,TRUE,FALSE,FALSE,FALSE,20,16804
TRUE,TRUE,FALSE,FALSE,FALSE,20,15497
TRUE,TRUE,FALSE,FALSE,FALSE,20,23902
TRUE,TRUE,FALSE,FALSE,FALSE,20,19881
TRUE,TRUE,FALSE,FALSE,FALSE,20,26426
TRUE,TRUE,FALSE,FALSE,FALSE,20,27000
TRUE,TRUE,FALSE,FALSE,FALSE,20,22806
TRUE,TRUE,FALSE,FALSE,FALSE,20,23599
TRUE,TRUE,FALSE,FALSE,FALSE,20,22747
TRUE,TRUE,FALSE,FALSE,FALSE,20,18477
FALSE,TRUE,FALSE,TRUE,FALSE,0,1371
FALSE,TRUE,FALSE,TRUE,FALSE,0,1093
FALSE,TRUE,FALSE,TRUE,FALSE,0,1111
FALSE,TRUE,FALSE,TRUE,FALSE,0,1016
FALSE,TRUE,FALSE,TRUE,FALSE,0,936
FALSE,TRUE,FALSE,TRUE,FALSE,0,1052
FALSE,TRUE,FALSE,TRUE,FALSE,0,1009
FALSE,TRUE,FALSE,TRUE,FALSE,0,1087
FALSE,TRUE,FALSE,TRUE,FALSE,0,865
FALSE,TRUE,FALSE,TRUE,FALSE,0,676
FALSE,TRUE,FALSE,TRUE,FALSE,0,831
FALSE,TRUE,FALSE,TRUE,FALSE,0,926
FALSE,TRUE,FALSE,TRUE,FALSE,0,924
FALSE,TRUE,FALSE,TRUE,FALSE,0,1191
FALSE,TRUE,FALSE,TRUE,FALSE,0,866
FALSE,TRUE,FALSE,TRUE,FALSE,0,1234
FALSE,TRUE,FALSE,TRUE,FALSE,0,614
FALSE,TRUE,FALSE,TRUE,FALSE,0,602
FALSE,TRUE,FALSE,TRUE,FALSE,0,559
FALSE,TRUE,FALSE,TRUE,FALSE,0,593
FALSE,TRUE,FALSE,TRUE,FALSE,0,627
FALSE,TRUE,FALSE,TRUE,FALSE,0,612
FALSE,TRUE,FALSE,TRUE,FALSE,0,618
FALSE,TRUE,FALSE,TRUE,FALSE,0,671
FALSE,TRUE,FALSE,TRUE,FALSE,0,1187
FALSE,TRUE,FALSE,TRUE,FALSE,0,961
FALSE,TRUE,FALSE,TRUE,FALSE,0,861
FALSE,TRUE,FALSE,TRUE,FALSE,0,842
FALSE,TRUE,FALSE,TRUE,FALSE,0,973
FALSE,TRUE,FALSE,TRUE,FALSE,0,982
FALSE,TRUE,FALSE,TRUE,FALSE,0,1415
FALSE,TRUE,FALSE,TRUE,FALSE,0,1425
FALSE,TRUE,FALSE,TRUE,FALSE,0,1662
FALSE,TRUE,FALSE,TRUE,FALSE,0,1409
FALSE,TRUE,FALSE,TRUE,FALSE,0,1706
FALSE,TRUE,FALSE,TRUE,FALSE,0,1720
FALSE,TRUE,FALSE,TRUE,FALSE,0,1544
FALSE,TRUE,FALSE,TRUE,FALSE,0,1778
FALSE,TRUE,FALSE,TRUE,FALSE,0,1620
FALSE,TRUE,FALSE,TRUE,FALSE,0,1583
FALSE,TRUE,FALSE,TRUE,FALSE,0,906
FALSE,TRUE,FALSE,TRUE,FALSE,0,703
FALSE,TRUE,FALSE,TRUE,FALSE,0,660
FALSE,TRUE,FALSE,TRUE,FALSE,0,775
FALSE,TRUE,FALSE,TRUE,FALSE,0,710
FALSE,TRUE,FALSE,TRUE,FALSE,0,1875
FALSE,TRUE,FALSE,TRUE,FALSE,0,1541
FALSE,TRUE,FALSE,TRUE,FALSE,0,664
FALSE,TRUE,FALSE,FALSE,TRUE,0,1198
FALSE,TRUE,FALSE,FALSE,TRUE,0,1546
FALSE,TRUE,FALSE,FALSE,TRUE,0,2018
FALSE,TRUE,FALSE,FALSE,TRUE,0,1770
FALSE,TRUE,FALSE,FALSE,TRUE,0,2161
FALSE,TRUE,FALSE,FALSE,TRUE,0,2225
FALSE,TRUE,FALSE,FALSE,TRUE,0,2069
FALSE,TRUE,FALSE,FALSE,TRUE,0,2681
FALSE,TRUE,FALSE,FALSE,TRUE,0,2149
FALSE,TRUE,FALSE,FALSE,TRUE,0,1437
FALSE,TRUE,FALSE,FALSE,TRUE,0,2133
FALSE,TRUE,FALSE,FALSE,TRUE,0,3201
FALSE,TRUE,FALSE,FALSE,TRUE,0,3505
FALSE,TRUE,FALSE,FALSE,TRUE,0,3488
FALSE,TRUE,FALSE,FALSE,TRUE,0,3342
FALSE,TRUE,FALSE,FALSE,TRUE,0,3546
FALSE,TRUE,FALSE,FALSE,TRUE,0,3212
FALSE,TRUE,FALSE,FALSE,TRUE,0,2662
FALSE,TRUE,FALSE,FALSE,TRUE,0,3288
FALSE,TRUE,FALSE,FALSE,TRUE,0,2914
FALSE,TRUE,FALSE,FALSE,TRUE,0,3051
FALSE,TRUE,FALSE,FALSE,TRUE,0,3135
FALSE,TRUE,FALSE,FALSE,TRUE,0,3461
FALSE,TRUE,FALSE,FALSE,TRUE,0,3134
FALSE,TRUE,FALSE,FALSE,TRUE,0,2083
FALSE,TRUE,FALSE,FALSE,TRUE,0,2164
FALSE,TRUE,FALSE,FALSE,TRUE,0,2024
FALSE,TRUE,FALSE,FALSE,TRUE,0,2282
FALSE,TRUE,FALSE,FALSE,TRUE,0,2214
FALSE,TRUE,FALSE,FALSE,TRUE,0,2271
FALSE,TRUE,FALSE,FALSE,TRUE,0,2147
FALSE,TRUE,FALSE,FALSE,TRUE,0,3017
FALSE,TRUE,FALSE,FALSE,TRUE,0,2509
FALSE,TRUE,FALSE,FALSE,TRUE,0,3348
FALSE,TRUE,FALSE,FALSE,TRUE,0,3363
FALSE,TRUE,FALSE,FALSE,TRUE,0,6479
FALSE,TRUE,FALSE,FALSE,TRUE,0,9914
FALSE,TRUE,FALSE,FALSE,TRUE,0,3846
FALSE,TRUE,FALSE,FALSE,TRUE,0,5862
FALSE,TRUE,FALSE,FALSE,TRUE,0,9216
FALSE,TRUE,FALSE,FALSE,TRUE,0,2670
FALSE,TRUE,FALSE,FALSE,TRUE,0,2916
FALSE,TRUE,FALSE,FALSE,TRUE,0,2821
FALSE,TRUE,FALSE,FALSE,TRUE,0,3005
FALSE,TRUE,FALSE,FALSE,TRUE,0,3040
FALSE,TRUE,FALSE,FALSE,TRUE,0,2808
FALSE,TRUE,FALSE,FALSE,TRUE,0,2863
FALSE,TRUE,FALSE,FALSE,TRUE,0,2892
FALSE,TRUE,FALSE,FALSE,FALSE,0,1109
FALSE,TRUE,FALSE,FALSE,FALSE,0,1102
FALSE,TRUE,FALSE,FALSE,FALSE,0,1041
FALSE,TRUE,FALSE,FALSE,FALSE,0,1175
FALSE,TRUE,FALSE,FALSE,FALSE,0,1359
FALSE,TRUE,FALSE,FALSE,FALSE,0,1410
FALSE,TRUE,FALSE,FALSE,FALSE,0,1362
FALSE,TRUE,FALSE,FALSE,FALSE,0,1449
FALSE,TRUE,FALSE,FALSE,FALSE,0,1267
FALSE,TRUE,FALSE,FALSE,FALSE,0,1179
FALSE,TRUE,FALSE,FALSE,FALSE,0,1212
FALSE,TRUE,FALSE,FALSE,FALSE,0,1315
FALSE,TRUE,FALSE,FALSE,FALSE,0,1443
FALSE,TRUE,FALSE,FALSE,FALSE,0,6332
FALSE,TRUE,FALSE,FALSE,FALSE,0,2133
FALSE,TRUE,FALSE,FALSE,FALSE,0,2173
FALSE,TRUE,FALSE,FALSE,FALSE,0,1071
FALSE,TRUE,FALSE,FALSE,FALSE,0,1001
FALSE,TRUE,FALSE,FALSE,FALSE,0,955
FALSE,TRUE,FALSE,FALSE,FALSE,0,875
FALSE,TRUE,FALSE,FALSE,FALSE,0,1117
FALSE,TRUE,FALSE,FALSE,FALSE,0,3112
FALSE,TRUE,FALSE,FALSE,FALSE,0,1062
FALSE,TRUE,FALSE,FALSE,FALSE,0,1064
FALSE,TRUE,FALSE,FALSE,FALSE,0,1176
FALSE,TRUE,FALSE,FALSE,FALSE,0,1040
FALSE,TRUE,FALSE,FALSE,FALSE,0,931
FALSE,TRUE,FALSE,FALSE,FALSE,0,1084
FALSE,TRUE,FALSE,FALSE,FALSE,0,1165
FALSE,TRUE,FALSE,FALSE,FALSE,0,1195
FALSE,TRUE,FALSE,FALSE,FALSE,0,1249
FALSE,TRUE,FALSE,FALSE,FALSE,0,1252
FALSE,TRUE,FALSE,FALSE,FALSE,0,1215
FALSE,TRUE,FALSE,FALSE,FALSE,0,1324
FALSE,TRUE,FALSE,FALSE,FALSE,0,1235
FALSE,TRUE,FALSE,FALSE,FALSE,0,1427
FALSE,TRUE,FALSE,FALSE,FALSE,0,1431
FALSE,TRUE,FALSE,FALSE,FALSE,0,1571
FALSE,TRUE,FALSE,FALSE,FALSE,0,1284
FALSE,TRUE,FALSE,FALSE,FALSE,0,1414
FALSE,TRUE,FALSE,FALSE,FALSE,0,850
FALSE,TRUE,FALSE,FALSE,FALSE,0,899
FALSE,TRUE,FALSE,FALSE,FALSE,0,905
FALSE,TRUE,FALSE,FALSE,FALSE,0,985
FALSE,TRUE,FALSE,FALSE,FALSE,0,993
FALSE,TRUE,FALSE,FALSE,FALSE,0,892
FALSE,TRUE,FALSE,FALSE,FALSE,0,967
FALSE,TRUE,FALSE,FALSE,FALSE,0,973
FALSE,TRUE,FALSE,FALSE,FALSE,0.002,1956
FALSE,TRUE,FALSE,FALSE,FALSE,0.002,1636
FALSE,TRUE,FALSE,FALSE,FALSE,0.002,1148
FALSE,TRUE,FALSE,FALSE,FALSE,0.002,1107
FALSE,TRUE,FALSE,FALSE,FALSE,0.002,887
FALSE,TRUE,FALSE,FALSE,FALSE,0.002,985
FALSE,TRUE,FALSE,FALSE,FALSE,0.002,1231
FALSE,TRUE,FALSE,FALSE,FALSE,0.002,1138
FALSE,TRUE,FALSE,FALSE,FALSE,0.002,1686
FALSE,TRUE,FALSE,FALSE,FALSE,0.002,1756
FALSE,TRUE,FALSE,FALSE,FALSE,0.002,1746
FALSE,TRUE,FALSE,FALSE,FALSE,0.002,1677
FALSE,TRUE,FALSE,FALSE,FALSE,0.002,1768
FALSE,TRUE,FALSE,FALSE,FALSE,0.002,1743
FALSE,TRUE,FALSE,FALSE,FALSE,0.002,1652
FALSE,TRUE,FALSE,FALSE,FALSE,0.002,1670
FALSE,TRUE,FALSE,FALSE,FALSE,0.002,1036
FALSE,TRUE,FALSE,FALSE,FALSE,0.002,881
FALSE,TRUE,FALSE,FALSE,FALSE,0.002,986
FALSE,TRUE,FALSE,FALSE,FALSE,0.002,932
FALSE,TRUE,FALSE,FALSE,FALSE,0.002,1100
FALSE,TRUE,FALSE,FALSE,FALSE,0.002,1119
FALSE,TRUE,FALSE,FALSE,FALSE,0.002,1238
FALSE,TRUE,FALSE,FALSE,FALSE,0.002,1230
FALSE,TRUE,FALSE,FALSE,FALSE,0.002,1116
FALSE,TRUE,FALSE,FALSE,FALSE,0.002,1073
FALSE,TRUE,FALSE,FALSE,FALSE,0.002,1356
FALSE,TRUE,FALSE,FALSE,FALSE,0.002,1526
FALSE,TRUE,FALSE,FALSE,FALSE,0.002,1369
FALSE,TRUE,FALSE,FALSE,FALSE,0.002,1662
FALSE,TRUE,FALSE,FALSE,FALSE,0.002,1556
FALSE,TRUE,FALSE,FALSE,FALSE,0.002,1790
FALSE,TRUE,FALSE,FALSE,FALSE,0.002,1180
FALSE,TRUE,FALSE,FALSE,FALSE,0.002,1329
FALSE,TRUE,FALSE,FALSE,FALSE,0.002,1498
FALSE,TRUE,FALSE,FALSE,FALSE,0.002,1680
FALSE,TRUE,FALSE,FALSE,FALSE,0.002,1814
FALSE,TRUE,FALSE,FALSE,FALSE,0.002,1876
FALSE,TRUE,FALSE,FALSE,FALSE,0.002,1834
FALSE,TRUE,FALSE,FALSE,FALSE,0.002,1634
FALSE,TRUE,FALSE,FALSE,FALSE,0.002,1243
FALSE,TRUE,FALSE,FALSE,FALSE,0.002,1130
FALSE,TRUE,FALSE,FALSE,FALSE,0.002,1319
FALSE,TRUE,FALSE,FALSE,FALSE,0.002,1269
FALSE,TRUE,FALSE,FALSE,FALSE,0.002,1283
FALSE,TRUE,FALSE,FALSE,FALSE,0.002,1375
FALSE,TRUE,FALSE,FALSE,FALSE,0.002,1005
FALSE,TRUE,FALSE,FALSE,FALSE,0.002,987
FALSE,TRUE,FALSE,FALSE,FALSE,1,1505
FALSE,TRUE,FALSE,FALSE,FALSE,1,1526
FALSE,TRUE,FALSE,FALSE,FALSE,1,1521
FALSE,TRUE,FALSE,FALSE,FALSE,1,1485
FALSE,TRUE,FALSE,FALSE,FALSE,1,1438
FALSE,TRUE,FALSE,FALSE,FALSE,1,1501
FALSE,TRUE,FALSE,FALSE,FALSE,1,1712
FALSE,TRUE,FALSE,FALSE,FALSE,1,1654
FALSE,TRUE,FALSE,FALSE,FALSE,1,1303
FALSE,TRUE,FALSE,FALSE,FALSE,1,1188
FALSE,TRUE,FALSE,FALSE,FALSE,1,1163
FALSE,TRUE,FALSE,FALSE,FALSE,1,1541
FALSE,TRUE,FALSE,FALSE,FALSE,1,1900
FALSE,TRUE,FALSE,FALSE,FALSE,1,1813
FALSE,TRUE,FALSE,FALSE,FALSE,1,2042
FALSE,TRUE,FALSE,FALSE,FALSE,1,1508
FALSE,TRUE,FALSE,FALSE,FALSE,1,1119
FALSE,TRUE,FALSE,FALSE,FALSE,1,1072
FALSE,TRUE,FALSE,FALSE,FALSE,1,1111
FALSE,TRUE,FALSE,FALSE,FALSE,1,1194
FALSE,TRUE,FALSE,FALSE,FALSE,1,1337
FALSE,TRUE,FALSE,FALSE,FALSE,1,1483
FALSE,TRUE,FALSE,FALSE,FALSE,1,1256
FALSE,TRUE,FALSE,FALSE,FALSE,1,1581
FALSE,TRUE,FALSE,FALSE,FALSE,1,1272
FALSE,TRUE,FALSE,FALSE,FALSE,1,1230
FALSE,TRUE,FALSE,FALSE,FALSE,1,1677
FALSE,TRUE,FALSE,FALSE,FALSE,1,1611
FALSE,TRUE,FALSE,FALSE,FALSE,1,1237
FALSE,TRUE,FALSE,FALSE,FALSE,1,2084
FALSE,TRUE,FALSE,FALSE,FALSE,1,1662
FALSE,TRUE,FALSE,FALSE,FALSE,1,1662
FALSE,TRUE,FALSE,FALSE,FALSE,1,1706
FALSE,TRUE,FALSE,FALSE,FALSE,1,1742
FALSE,TRUE,FALSE,FALSE,FALSE,1,1627
FALSE,TRUE,FALSE,FALSE,FALSE,1,1068
FALSE,TRUE,FALSE,FALSE,FALSE,1,1586
FALSE,TRUE,FALSE,FALSE,FALSE,1,1786
FALSE,TRUE,FALSE,FALSE,FALSE,1,2585
FALSE,TRUE,FALSE,FALSE,FALSE,1,2862
FALSE,TRUE,FALSE,FALSE,FALSE,1,1693
FALSE,TRUE,FALSE,FALSE,FALSE,1,1552
FALSE,TRUE,FALSE,FALSE,FALSE,1,1375
FALSE,TRUE,FALSE,FALSE,FALSE,1,1232
FALSE,TRUE,FALSE,FALSE,FALSE,1,1444
FALSE,TRUE,FALSE,FALSE,FALSE,1,1385
FALSE,TRUE,FALSE,FALSE,FALSE,1,1215
FALSE,TRUE,FALSE,FALSE,FALSE,1,1144
FALSE,TRUE,FALSE,FALSE,FALSE,20,1415
FALSE,TRUE,FALSE,FALSE,FALSE,20,1912
FALSE,TRUE,FALSE,FALSE,FALSE,20,1848
FALSE,TRUE,FALSE,FALSE,FALSE,20,1917
FALSE,TRUE,FALSE,FALSE,FALSE,20,1937
FALSE,TRUE,FALSE,FALSE,FALSE,20,1838
FALSE,TRUE,FALSE,FALSE,FALSE,20,1763
FALSE,TRUE,FALSE,FALSE,FALSE,20,1613
FALSE,TRUE,FALSE,FALSE,FALSE,20,2064
FALSE,TRUE,FALSE,FALSE,FALSE,20,2046
FALSE,TRUE,FALSE,FALSE,FALSE,20,2058
FALSE,TRUE,FALSE,FALSE,FALSE,20,1775
FALSE,TRUE,FALSE,FALSE,FALSE,20,1762
FALSE,TRUE,FALSE,FALSE,FALSE,20,2019
FALSE,TRUE,FALSE,FALSE,FALSE,20,1856
FALSE,TRUE,FALSE,FALSE,FALSE,20,2057
FALSE,TRUE,FALSE,FALSE,FALSE,20,1683
FALSE,TRUE,FALSE,FALSE,FALSE,20,1585
FALSE,TRUE,FALSE,FALSE,FALSE,20,1768
FALSE,TRUE,FALSE,FALSE,FALSE,20,1801
FALSE,TRUE,FALSE,FALSE,FALSE,20,1792
FALSE,TRUE,FALSE,FALSE,FALSE,20,1661
FALSE,TRUE,FALSE,FALSE,FALSE,20,1970
FALSE,TRUE,FALSE,FALSE,FALSE,20,1697
FALSE,TRUE,FALSE,FALSE,FALSE,20,1644
FALSE,TRUE,FALSE,FALSE,FALSE,20,1735
FALSE,TRUE,FALSE,FALSE,FALSE,20,1645
FALSE,TRUE,FALSE,FALSE,FALSE,20,1724
FALSE,TRUE,FALSE,FALSE,FALSE,20,1679
FALSE,TRUE,FALSE,FALSE,FALSE,20,1709
FALSE,TRUE,FALSE,FALSE,FALSE,20,1612
FALSE,TRUE,FALSE,FALSE,FALSE,20,1808
FALSE,TRUE,FALSE,FALSE,FALSE,20,2180
FALSE,TRUE,FALSE,FALSE,FALSE,20,2078
FALSE,TRUE,FALSE,FALSE,FALSE,20,1558
FALSE,TRUE,FALSE,FALSE,FALSE,20,1843
FALSE,TRUE,FALSE,FALSE,FALSE,20,1872
FALSE,TRUE,FALSE,FALSE,FALSE,20,6188
FALSE,TRUE,FALSE,FALSE,FALSE,20,1828
FALSE,TRUE,FALSE,FALSE,FALSE,20,1343
FALSE,TRUE,FALSE,FALSE,FALSE,20,1808
FALSE,TRUE,FALSE,FALSE,FALSE,20,1855
FALSE,TRUE,FALSE,FALSE,FALSE,20,1864
FALSE,TRUE,FALSE,FALSE,FALSE,20,1617
FALSE,TRUE,FALSE,FALSE,FALSE,20,1776
FALSE,TRUE,FALSE,FALSE,FALSE,20,1744
FALSE,TRUE,FALSE,FALSE,FALSE,20,1712
FALSE,TRUE,FALSE,FALSE,FALSE,20,1726
