ENDO,MICRO,HAPI,LPS,posCTRL,dose_ug,absorbance
TRUE,FALSE,FALSE,FALSE,TRUE,0,0.648
TRUE,FALSE,FALSE,FALSE,TRUE,0,0.738
TRUE,FALSE,FALSE,FALSE,TRUE,0,0.709
TRUE,FALSE,FALSE,FALSE,TRUE,0,0.729
TRUE,FALSE,FALSE,FALSE,TRUE,0,0.712
TRUE,FALSE,FALSE,FALSE,TRUE,0,0.69
TRUE,FALSE,FALSE,FALSE,TRUE,0,0.728
TRUE,FALSE,FALSE,FALSE,TRUE,0,0.61
TRUE,FALSE,FALSE,FALSE,TRUE,0,0.656
TRUE,FALSE,FALSE,FALSE,TRUE,0,0.625
TRUE,FALSE,FALSE,FALSE,TRUE,0,0.646
TRUE,FALSE,FALSE,FALSE,TRUE,0,0.715
TRUE,FALSE,FALSE,FALSE,TRUE,0,0.659
TRUE,FALSE,FALSE,FALSE,TRUE,0,0.679
TRUE,FALSE,FALSE,FALSE,TRUE,0,0.684
TRUE,FALSE,FALSE,FALSE,TRUE,0,0.685
TRUE,FALSE,FALSE,FALSE,TRUE,0,0.7
TRUE,FALSE,FALSE,FALSE,TRUE,0,0.713
TRUE,FALSE,FALSE,FALSE,TRUE,0,0.674
TRUE,FALSE,FALSE,FALSE,TRUE,0,0.695
TRUE,FALSE,FALSE,FALSE,TRUE,0,0.705
TRUE,FALSE,FALSE,FALSE,TRUE,0,0.717
TRUE,FALSE,FALSE,FALSE,TRUE,0,0.704
TRUE,FALSE,FALSE,FALSE,TRUE,0,0.733
TRUE,FALSE,FALSE,FALSE,TRUE,0,0.677
TRUE,FALSE,FALSE,FALSE,TRUE,0,0.724
TRUE,FALSE,FALSE,FALSE,TRUE,0,0.781
TRUE,FALSE,FALSE,FALSE,TRUE,0,0.767
TRUE,FALSE,FALSE,FALSE,TRUE,0,0.811
TRUE,FALSE,FALSE,FALSE,TRUE,0,0.776
TRUE,FALSE,FALSE,FALSE,TRUE,0,0.723
TRUE,FALSE,FALSE,FALSE,TRUE,0,0.598
TRUE,FALSE,FALSE,FALSE,TRUE,0,0.589
TRUE,FALSE,FALSE,FALSE,TRUE,0,0.624
TRUE,FALSE,FALSE,FALSE,TRUE,0,0.605
TRUE,FALSE,FALSE,FALSE,TRUE,0,0.633
TRUE,FALSE,FALSE,FALSE,TRUE,0,0.637
TRUE,FALSE,FALSE,FALSE,TRUE,0,0.59
TRUE,FALSE,FALSE,FALSE,TRUE,0,0.607
TRUE,FALSE,FALSE,FALSE,TRUE,0,0.607
TRUE,FALSE,FALSE,FALSE,TRUE,0,0.644
TRUE,FALSE,FALSE,FALSE,TRUE,0,0.621
TRUE,FALSE,FALSE,FALSE,TRUE,0,0.631
TRUE,FALSE,FALSE,FALSE,TRUE,0,0.657
TRUE,FALSE,FALSE,FALSE,TRUE,0,0.671
TRUE,FALSE,FALSE,FALSE,TRUE,0,0.697
TRUE,FALSE,FALSE,FALSE,TRUE,0,0.697
TRUE,FALSE,FALSE,FALSE,TRUE,0,0.682
TRUE,FALSE,FALSE,TRUE,FALSE,0,0.16
TRUE,FALSE,FALSE,TRUE,FALSE,0,0.16
TRUE,FALSE,FALSE,TRUE,FALSE,0,0.16
TRUE,FALSE,FALSE,TRUE,FALSE,0,0.161
TRUE,FALSE,FALSE,TRUE,FALSE,0,0.152
TRUE,FALSE,FALSE,TRUE,FALSE,0,0.159
TRUE,FALSE,FALSE,TRUE,FALSE,0,0.173
TRUE,FALSE,FALSE,TRUE,FALSE,0,0.181
TRUE,FALSE,FALSE,TRUE,FALSE,0,0.168
TRUE,FALSE,FALSE,TRUE,FALSE,0,0.162
TRUE,FALSE,FALSE,TRUE,FALSE,0,0.159
TRUE,FALSE,FALSE,TRUE,FALSE,0,0.161
TRUE,FALSE,FALSE,TRUE,FALSE,0,0.159
TRUE,FALSE,FALSE,TRUE,FALSE,0,0.161
TRUE,FALSE,FALSE,TRUE,FALSE,0,0.162
TRUE,FALSE,FALSE,TRUE,FALSE,0,0.165
TRUE,FALSE,FALSE,TRUE,FALSE,0,0.162
TRUE,FALSE,FALSE,TRUE,FALSE,0,0.149
TRUE,FALSE,FALSE,TRUE,FALSE,0,0.15
TRUE,FALSE,FALSE,TRUE,FALSE,0,0.148
TRUE,FALSE,FALSE,TRUE,FALSE,0,0.152
TRUE,FALSE,FALSE,TRUE,FALSE,0,0.155
TRUE,FALSE,FALSE,TRUE,FALSE,0,0.156
TRUE,FALSE,FALSE,TRUE,FALSE,0,0.164
TRUE,FALSE,FALSE,TRUE,FALSE,0,0.162
TRUE,FALSE,FALSE,TRUE,FALSE,0,0.159
TRUE,FALSE,FALSE,TRUE,FALSE,0,0.162
TRUE,FALSE,FALSE,TRUE,FALSE,0,0.164
TRUE,FALSE,FALSE,TRUE,FALSE,0,0.164
TRUE,FALSE,FALSE,TRUE,FALSE,0,0.155
TRUE,FALSE,FALSE,TRUE,FALSE,0,0.156
TRUE,FALSE,FALSE,TRUE,FALSE,0,0.164
TRUE,FALSE,FALSE,TRUE,FALSE,0,0.166
TRUE,FALSE,FALSE,TRUE,FALSE,0,0.16
TRUE,FALSE,FALSE,TRUE,FALSE,0,0.159
TRUE,FALSE,FALSE,TRUE,FALSE,0,0.158
TRUE,FALSE,FALSE,TRUE,FALSE,0,0.153
TRUE,FALSE,FALSE,TRUE,FALSE,0,0.161
TRUE,FALSE,FALSE,TRUE,FALSE,0,0.168
TRUE,FALSE,FALSE,TRUE,FALSE,0,0.176
TRUE,FALSE,FALSE,TRUE,FALSE,0,0.157
TRUE,FALSE,FALSE,TRUE,FALSE,0,0.155
TRUE,FALSE,FALSE,TRUE,FALSE,0,0.16
TRUE,FALSE,FALSE,TRUE,FALSE,0,0.154
TRUE,FALSE,FALSE,TRUE,FALSE,0,0.161
TRUE,FALSE,FALSE,TRUE,FALSE,0,0.157
TRUE,FALSE,FALSE,TRUE,FALSE,0,0.155
TRUE,FALSE,FALSE,TRUE,FALSE,0,0.159
TRUE,FALSE,FALSE,FALSE,FALSE,0,0.155
TRUE,FALSE,FALSE,FALSE,FALSE,0,0.149
TRUE,FALSE,FALSE,FALSE,FALSE,0,0.149
TRUE,FALSE,FALSE,FALSE,FALSE,0,0.157
TRUE,FALSE,FALSE,FALSE,FALSE,0,0.152
TRUE,FALSE,FALSE,FALSE,FALSE,0,0.153
TRUE,FALSE,FALSE,FALSE,FALSE,0,0.154
TRUE,FALSE,FALSE,FALSE,FALSE,0,0.159
TRUE,FALSE,FALSE,FALSE,FALSE,0,0.163
TRUE,FALSE,FALSE,FALSE,FALSE,0,0.159
TRUE,FALSE,FALSE,FALSE,FALSE,0,0.161
TRUE,FALSE,FALSE,FALSE,FALSE,0,0.157
TRUE,FALSE,FALSE,FALSE,FALSE,0,0.159
TRUE,FALSE,FALSE,FALSE,FALSE,0,0.166
TRUE,FALSE,FALSE,FALSE,FALSE,0,0.217
TRUE,FALSE,FALSE,FALSE,FALSE,0,0.174
TRUE,FALSE,FALSE,FALSE,FALSE,0,0.154
TRUE,FALSE,FALSE,FALSE,FALSE,0,0.149
TRUE,FALSE,FALSE,FALSE,FALSE,0,0.147
TRUE,FALSE,FALSE,FALSE,FALSE,0,0.153
TRUE,FALSE,FALSE,FALSE,FALSE,0,0.149
TRUE,FALSE,FALSE,FALSE,FALSE,0,0.153
TRUE,FALSE,FALSE,FALSE,FALSE,0,0.152
TRUE,FALSE,FALSE,FALSE,FALSE,0,0.159
TRUE,FALSE,FALSE,FALSE,FALSE,0,0.151
TRUE,FALSE,FALSE,FALSE,FALSE,0,0.156
TRUE,FALSE,FALSE,FALSE,FALSE,0,0.152
TRUE,FALSE,FALSE,FALSE,FALSE,0,0.153
TRUE,FALSE,FALSE,FALSE,FALSE,0,0.165
TRUE,FALSE,FALSE,FALSE,FALSE,0,0.16
TRUE,FALSE,FALSE,FALSE,FALSE,0,0.165
TRUE,FALSE,FALSE,FALSE,FALSE,0,0.157
TRUE,FALSE,FALSE,FALSE,FALSE,0,0.16
TRUE,FALSE,FALSE,FALSE,FALSE,0,0.156
TRUE,FALSE,FALSE,FALSE,FALSE,0,0.157
TRUE,FALSE,FALSE,FALSE,FALSE,0,0.156
TRUE,FALSE,FALSE,FALSE,FALSE,0,0.157
TRUE,FALSE,FALSE,FALSE,FALSE,0,0.157
TRUE,FALSE,FALSE,FALSE,FALSE,0,0.159
TRUE,FALSE,FALSE,FALSE,FALSE,0,0.158
TRUE,FALSE,FALSE,FALSE,FALSE,0,0.153
TRUE,FALSE,FALSE,FALSE,FALSE,0,0.15
TRUE,FALSE,FALSE,FALSE,FALSE,0,0.137
TRUE,FALSE,FALSE,FALSE,FALSE,0,0.151
TRUE,FALSE,FALSE,FALSE,FALSE,0,0.153
TRUE,FALSE,FALSE,FALSE,FALSE,0,0.153
TRUE,FALSE,FALSE,FALSE,FALSE,0,0.159
TRUE,FALSE,FALSE,FALSE,FALSE,0,0.158
TRUE,FALSE,FALSE,FALSE,FALSE,0.002,0.177
TRUE,FALSE,FALSE,FALSE,FALSE,0.002,0.318
TRUE,FALSE,FALSE,FALSE,FALSE,0.002,0.292
TRUE,FALSE,FALSE,FALSE,FALSE,0.002,0.164
TRUE,FALSE,FALSE,FALSE,FALSE,0.002,0.164
TRUE,FALSE,FALSE,FALSE,FALSE,0.002,0.16
TRUE,FALSE,FALSE,FALSE,FALSE,0.002,0.172
TRUE,FALSE,FALSE,FALSE,FALSE,0.002,0.185
TRUE,FALSE,FALSE,FALSE,FALSE,0.002,0.168
TRUE,FALSE,FALSE,FALSE,FALSE,0.002,0.165
TRUE,FALSE,FALSE,FALSE,FALSE,0.002,0.167
TRUE,FALSE,FALSE,FALSE,FALSE,0.002,0.167
TRUE,FALSE,FALSE,FALSE,FALSE,0.002,0.165
TRUE,FALSE,FALSE,FALSE,FALSE,0.002,0.172
TRUE,FALSE,FALSE,FALSE,FALSE,0.002,0.18
TRUE,FALSE,FALSE,FALSE,FALSE,0.002,0.177
TRUE,FALSE,FALSE,FALSE,FALSE,0.002,0.172
TRUE,FALSE,FALSE,FALSE,FALSE,0.002,0.159
TRUE,FALSE,FALSE,FALSE,FALSE,0.002,0.156
TRUE,FALSE,FALSE,FALSE,FALSE,0.002,0.168
TRUE,FALSE,FALSE,FALSE,FALSE,0.002,0.163
TRUE,FALSE,FALSE,FALSE,FALSE,0.002,0.177
TRUE,FALSE,FALSE,FALSE,FALSE,0.002,0.177
TRUE,FALSE,FALSE,FALSE,FALSE,0.002,0.18
TRUE,FALSE,FALSE,FALSE,FALSE,0.002,0.168
TRUE,FALSE,FALSE,FALSE,FALSE,0.002,0.156
TRUE,FALSE,FALSE,FALSE,FALSE,0.002,0.161
TRUE,FALSE,FALSE,FALSE,FALSE,0.002,0.165
TRUE,FALSE,FALSE,FALSE,FALSE,0.002,0.171
TRUE,FALSE,FALSE,FALSE,FALSE,0.002,0.157
TRUE,FALSE,FALSE,FALSE,FALSE,0.002,0.16
TRUE,FALSE,FALSE,FALSE,FALSE,0.002,0.171
TRUE,FALSE,FALSE,FALSE,FALSE,0.002,0.172
TRUE,FALSE,FALSE,FALSE,FALSE,0.002,0.159
TRUE,FALSE,FALSE,FALSE,FALSE,0.002,0.156
TRUE,FALSE,FALSE,FALSE,FALSE,0.002,0.159
TRUE,FALSE,FALSE,FALSE,FALSE,0.002,0.158
TRUE,FALSE,FALSE,FALSE,FALSE,0.002,0.164
TRUE,FALSE,FALSE,FALSE,FALSE,0.002,0.173
TRUE,FALSE,FALSE,FALSE,FALSE,0.002,0.172
TRUE,FALSE,FALSE,FALSE,FALSE,0.002,0.166
TRUE,FALSE,FALSE,FALSE,FALSE,0.002,0.164
TRUE,FALSE,FALSE,FALSE,FALSE,0.002,0.163
TRUE,FALSE,FALSE,FALSE,FALSE,0.002,0.16
TRUE,FALSE,FALSE,FALSE,FALSE,0.002,0.152
TRUE,FALSE,FALSE,FALSE,FALSE,0.002,0.151
TRUE,FALSE,FALSE,FALSE,FALSE,0.002,0.16
TRUE,FALSE,FALSE,FALSE,FALSE,0.002,0.174
TRUE,FALSE,FALSE,FALSE,FALSE,1,0.214
TRUE,FALSE,FALSE,FALSE,FALSE,1,0.188
TRUE,FALSE,FALSE,FALSE,FALSE,1,0.332
TRUE,FALSE,FALSE,FALSE,FALSE,1,0.231
TRUE,FALSE,FALSE,FALSE,FALSE,1,0.204
TRUE,FALSE,FALSE,FALSE,FALSE,1,0.189
TRUE,FALSE,FALSE,FALSE,FALSE,1,0.187
TRUE,FALSE,FALSE,FALSE,FALSE,1,0.203
TRUE,FALSE,FALSE,FALSE,FALSE,1,0.19
TRUE,FALSE,FALSE,FALSE,FALSE,1,0.197
TRUE,FALSE,FALSE,FALSE,FALSE,1,0.197
TRUE,FALSE,FALSE,FALSE,FALSE,1,0.2
TRUE,FALSE,FALSE,FALSE,FALSE,1,0.188
TRUE,FALSE,FALSE,FALSE,FALSE,1,0.181
TRUE,FALSE,FALSE,FALSE,FALSE,1,0.183
TRUE,FALSE,FALSE,FALSE,FALSE,1,0.214
TRUE,FALSE,FALSE,FALSE,FALSE,1,0.225
TRUE,FALSE,FALSE,FALSE,FALSE,1,0.19
TRUE,FALSE,FALSE,FALSE,FALSE,1,0.205
TRUE,FALSE,FALSE,FALSE,FALSE,1,0.201
TRUE,FALSE,FALSE,FALSE,FALSE,1,0.193
TRUE,FALSE,FALSE,FALSE,FALSE,1,0.201
TRUE,FALSE,FALSE,FALSE,FALSE,1,0.246
TRUE,FALSE,FALSE,FALSE,FALSE,1,0.231
TRUE,FALSE,FALSE,FALSE,FALSE,1,0.192
TRUE,FALSE,FALSE,FALSE,FALSE,1,0.185
TRUE,FALSE,FALSE,FALSE,FALSE,1,0.185
TRUE,FALSE,FALSE,FALSE,FALSE,1,0.188
TRUE,FALSE,FALSE,FALSE,FALSE,1,0.194
TRUE,FALSE,FALSE,FALSE,FALSE,1,0.184
TRUE,FALSE,FALSE,FALSE,FALSE,1,0.185
TRUE,FALSE,FALSE,FALSE,FALSE,1,0.197
TRUE,FALSE,FALSE,FALSE,FALSE,1,0.197
TRUE,FALSE,FALSE,FALSE,FALSE,1,0.192
TRUE,FALSE,FALSE,FALSE,FALSE,1,0.192
TRUE,FALSE,FALSE,FALSE,FALSE,1,0.188
TRUE,FALSE,FALSE,FALSE,FALSE,1,0.187
TRUE,FALSE,FALSE,FALSE,FALSE,1,0.189
TRUE,FALSE,FALSE,FALSE,FALSE,1,0.197
TRUE,FALSE,FALSE,FALSE,FALSE,1,0.193
TRUE,FALSE,FALSE,FALSE,FALSE,1,0.196
TRUE,FALSE,FALSE,FALSE,FALSE,1,0.191
TRUE,FALSE,FALSE,FALSE,FALSE,1,0.19
TRUE,FALSE,FALSE,FALSE,FALSE,1,0.195
TRUE,FALSE,FALSE,FALSE,FALSE,1,0.202
TRUE,FALSE,FALSE,FALSE,FALSE,1,0.199
TRUE,FALSE,FALSE,FALSE,FALSE,1,0.2
TRUE,FALSE,FALSE,FALSE,FALSE,1,0.196
TRUE,FALSE,FALSE,FALSE,FALSE,20,0.236
TRUE,FALSE,FALSE,FALSE,FALSE,20,0.302
TRUE,FALSE,FALSE,FALSE,FALSE,20,0.323
TRUE,FALSE,FALSE,FALSE,FALSE,20,0.329
TRUE,FALSE,FALSE,FALSE,FALSE,20,0.349
TRUE,FALSE,FALSE,FALSE,FALSE,20,0.303
TRUE,FALSE,FALSE,FALSE,FALSE,20,0.293
TRUE,FALSE,FALSE,FALSE,FALSE,20,0.208
TRUE,FALSE,FALSE,FALSE,FALSE,20,0.207
TRUE,FALSE,FALSE,FALSE,FALSE,20,0.206
TRUE,FALSE,FALSE,FALSE,FALSE,20,0.209
TRUE,FALSE,FALSE,FALSE,FALSE,20,0.208
TRUE,FALSE,FALSE,FALSE,FALSE,20,0.219
TRUE,FALSE,FALSE,FALSE,FALSE,20,0.214
TRUE,FALSE,FALSE,FALSE,FALSE,20,0.227
TRUE,FALSE,FALSE,FALSE,FALSE,20,0.231
TRUE,FALSE,FALSE,FALSE,FALSE,20,0.213
TRUE,FALSE,FALSE,FALSE,FALSE,20,0.203
TRUE,FALSE,FALSE,FALSE,FALSE,20,0.213
TRUE,FALSE,FALSE,FALSE,FALSE,20,0.224
TRUE,FALSE,FALSE,FALSE,FALSE,20,0.221
TRUE,FALSE,FALSE,FALSE,FALSE,20,0.238
TRUE,FALSE,FALSE,FALSE,FALSE,20,0.242
TRUE,FALSE,FALSE,FALSE,FALSE,20,0.239
TRUE,FALSE,FALSE,FALSE,FALSE,20,0.209
TRUE,FALSE,FALSE,FALSE,FALSE,20,0.193
TRUE,FALSE,FALSE,FALSE,FALSE,20,0.197
TRUE,FALSE,FALSE,FALSE,FALSE,20,0.215
TRUE,FALSE,FALSE,FALSE,FALSE,20,0.194
TRUE,FALSE,FALSE,FALSE,FALSE,20,0.183
TRUE,FALSE,FALSE,FALSE,FALSE,20,0.197
TRUE,FALSE,FALSE,FALSE,FALSE,20,0.217
TRUE,FALSE,FALSE,FALSE,FALSE,20,0.197
TRUE,FALSE,FALSE,FALSE,FALSE,20,0.188
TRUE,FALSE,FALSE,FALSE,FALSE,20,0.196
TRUE,FALSE,FALSE,FALSE,FALSE,20,0.191
TRUE,FALSE,FALSE,FALSE,FALSE,20,0.185
TRUE,FALSE,FALSE,FALSE,FALSE,20,0.192
TRUE,FALSE,FALSE,FALSE,FALSE,20,0.191
TRUE,FALSE,FALSE,FALSE,FALSE,20,0.195
TRUE,FALSE,FALSE,FALSE,FALSE,20,0.197
TRUE,FALSE,FALSE,FALSE,FALSE,20,0.2
TRUE,FALSE,FALSE,FALSE,FALSE,20,0.196
TRUE,FALSE,FALSE,FALSE,FALSE,20,0.201
TRUE,FALSE,FALSE,FALSE,FALSE,20,0.193
TRUE,FALSE,FALSE,FALSE,FALSE,20,0.198
TRUE,FALSE,FALSE,FALSE,FALSE,20,0.206
TRUE,FALSE,FALSE,FALSE,FALSE,20,0.202
FALSE,TRUE,FALSE,FALSE,TRUE,0,0.386
FALSE,TRUE,FALSE,FALSE,TRUE,0,0.351
FALSE,TRUE,FALSE,FALSE,TRUE,0,0.376
FALSE,TRUE,FALSE,FALSE,TRUE,0,0.378
FALSE,TRUE,FALSE,FALSE,TRUE,0,0.377
FALSE,TRUE,FALSE,FALSE,TRUE,0,0.389
FALSE,TRUE,FALSE,FALSE,TRUE,0,0.393
FALSE,TRUE,FALSE,FALSE,TRUE,0,0.398
FALSE,TRUE,FALSE,FALSE,TRUE,0,0.348
FALSE,TRUE,FALSE,FALSE,TRUE,0,0.361
FALSE,TRUE,FALSE,FALSE,TRUE,0,0.356
FALSE,TRUE,FALSE,FALSE,TRUE,0,0.355
FALSE,TRUE,FALSE,FALSE,TRUE,0,0.345
FALSE,TRUE,FALSE,FALSE,TRUE,0,0.357
FALSE,TRUE,FALSE,FALSE,TRUE,0,0.371
FALSE,TRUE,FALSE,FALSE,TRUE,0,0.393
FALSE,TRUE,FALSE,FALSE,TRUE,0,0.451
FALSE,TRUE,FALSE,FALSE,TRUE,0,0.401
FALSE,TRUE,FALSE,FALSE,TRUE,0,0.4
FALSE,TRUE,FALSE,FALSE,TRUE,0,0.408
FALSE,TRUE,FALSE,FALSE,TRUE,0,0.507
FALSE,TRUE,FALSE,FALSE,TRUE,0,0.441
FALSE,TRUE,FALSE,FALSE,TRUE,0,0.458
FALSE,TRUE,FALSE,FALSE,TRUE,0,0.476
FALSE,TRUE,FALSE,FALSE,TRUE,0,0.364
FALSE,TRUE,FALSE,FALSE,TRUE,0,0.348
FALSE,TRUE,FALSE,FALSE,TRUE,0,0.322
FALSE,TRUE,FALSE,FALSE,TRUE,0,0.345
FALSE,TRUE,FALSE,FALSE,TRUE,0,0.355
FALSE,TRUE,FALSE,FALSE,TRUE,0,0.36
FALSE,TRUE,FALSE,FALSE,TRUE,0,0.336
FALSE,TRUE,FALSE,FALSE,TRUE,0,0.389
FALSE,TRUE,FALSE,FALSE,TRUE,0,0.368
FALSE,TRUE,FALSE,FALSE,TRUE,0,0.359
FALSE,TRUE,FALSE,FALSE,TRUE,0,0.353
FALSE,TRUE,FALSE,FALSE,TRUE,0,0.362
FALSE,TRUE,FALSE,FALSE,TRUE,0,0.358
FALSE,TRUE,FALSE,FALSE,TRUE,0,0.357
FALSE,TRUE,FALSE,FALSE,TRUE,0,0.359
FALSE,TRUE,FALSE,FALSE,TRUE,0,0.387
FALSE,TRUE,FALSE,FALSE,TRUE,0,0.417
FALSE,TRUE,FALSE,FALSE,TRUE,0,0.437
FALSE,TRUE,FALSE,FALSE,TRUE,0,0.433
FALSE,TRUE,FALSE,FALSE,TRUE,0,0.453
FALSE,TRUE,FALSE,FALSE,TRUE,0,0.447
FALSE,TRUE,FALSE,FALSE,TRUE,0,0.455
FALSE,TRUE,FALSE,FALSE,TRUE,0,0.421
FALSE,TRUE,FALSE,FALSE,TRUE,0,0.438
FALSE,TRUE,FALSE,TRUE,FALSE,0,0.181
FALSE,TRUE,FALSE,TRUE,FALSE,0,0.175
FALSE,TRUE,FALSE,TRUE,FALSE,0,0.172
FALSE,TRUE,FALSE,TRUE,FALSE,0,0.171
FALSE,TRUE,FALSE,TRUE,FALSE,0,0.176
FALSE,TRUE,FALSE,TRUE,FALSE,0,0.174
FALSE,TRUE,FALSE,TRUE,FALSE,0,0.174
FALSE,TRUE,FALSE,TRUE,FALSE,0,0.183
FALSE,TRUE,FALSE,TRUE,FALSE,0,0.175
FALSE,TRUE,FALSE,TRUE,FALSE,0,0.173
FALSE,TRUE,FALSE,TRUE,FALSE,0,0.177
FALSE,TRUE,FALSE,TRUE,FALSE,0,0.176
FALSE,TRUE,FALSE,TRUE,FALSE,0,0.173
FALSE,TRUE,FALSE,TRUE,FALSE,0,0.169
FALSE,TRUE,FALSE,TRUE,FALSE,0,0.175
FALSE,TRUE,FALSE,TRUE,FALSE,0,0.177
FALSE,TRUE,FALSE,TRUE,FALSE,0,0.197
FALSE,TRUE,FALSE,TRUE,FALSE,0,0.187
FALSE,TRUE,FALSE,TRUE,FALSE,0,0.187
FALSE,TRUE,FALSE,TRUE,FALSE,0,0.187
FALSE,TRUE,FALSE,TRUE,FALSE,0,0.185
FALSE,TRUE,FALSE,TRUE,FALSE,0,0.185
FALSE,TRUE,FALSE,TRUE,FALSE,0,0.187
FALSE,TRUE,FALSE,TRUE,FALSE,0,0.192
FALSE,TRUE,FALSE,TRUE,FALSE,0,0.189
FALSE,TRUE,FALSE,TRUE,FALSE,0,0.184
FALSE,TRUE,FALSE,TRUE,FALSE,0,0.182
FALSE,TRUE,FALSE,TRUE,FALSE,0,0.186
FALSE,TRUE,FALSE,TRUE,FALSE,0,0.18
FALSE,TRUE,FALSE,TRUE,FALSE,0,0.181
FALSE,TRUE,FALSE,TRUE,FALSE,0,0.191
FALSE,TRUE,FALSE,TRUE,FALSE,0,0.192
FALSE,TRUE,FALSE,TRUE,FALSE,0,0.185
FALSE,TRUE,FALSE,TRUE,FALSE,0,0.178
FALSE,TRUE,FALSE,TRUE,FALSE,0,0.182
FALSE,TRUE,FALSE,TRUE,FALSE,0,0.179
FALSE,TRUE,FALSE,TRUE,FALSE,0,0.186
FALSE,TRUE,FALSE,TRUE,FALSE,0,0.178
FALSE,TRUE,FALSE,TRUE,FALSE,0,0.188
FALSE,TRUE,FALSE,TRUE,FALSE,0,0.186
FALSE,TRUE,FALSE,TRUE,FALSE,0,0.2
FALSE,TRUE,FALSE,TRUE,FALSE,0,0.197
FALSE,TRUE,FALSE,TRUE,FALSE,0,0.186
FALSE,TRUE,FALSE,TRUE,FALSE,0,0.193
FALSE,TRUE,FALSE,TRUE,FALSE,0,0.202
FALSE,TRUE,FALSE,TRUE,FALSE,0,0.199
FALSE,TRUE,FALSE,TRUE,FALSE,0,0.199
FALSE,TRUE,FALSE,TRUE,FALSE,0,0.204
FALSE,TRUE,FALSE,FALSE,FALSE,0,0.191
FALSE,TRUE,FALSE,FALSE,FALSE,0,0.182
FALSE,TRUE,FALSE,FALSE,FALSE,0,0.176
FALSE,TRUE,FALSE,FALSE,FALSE,0,0.176
FALSE,TRUE,FALSE,FALSE,FALSE,0,0.18
FALSE,TRUE,FALSE,FALSE,FALSE,0,0.177
FALSE,TRUE,FALSE,FALSE,FALSE,0,0.184
FALSE,TRUE,FALSE,FALSE,FALSE,0,0.179
FALSE,TRUE,FALSE,FALSE,FALSE,0,0.177
FALSE,TRUE,FALSE,FALSE,FALSE,0,0.173
FALSE,TRUE,FALSE,FALSE,FALSE,0,0.173
FALSE,TRUE,FALSE,FALSE,FALSE,0,0.166
FALSE,TRUE,FALSE,FALSE,FALSE,0,0.168
FALSE,TRUE,FALSE,FALSE,FALSE,0,0.171
FALSE,TRUE,FALSE,FALSE,FALSE,0,0.173
FALSE,TRUE,FALSE,FALSE,FALSE,0,0.178
FALSE,TRUE,FALSE,FALSE,FALSE,0,0.186
FALSE,TRUE,FALSE,FALSE,FALSE,0,0.168
FALSE,TRUE,FALSE,FALSE,FALSE,0,0.18
FALSE,TRUE,FALSE,FALSE,FALSE,0,0.188
FALSE,TRUE,FALSE,FALSE,FALSE,0,0.182
FALSE,TRUE,FALSE,FALSE,FALSE,0,0.188
FALSE,TRUE,FALSE,FALSE,FALSE,0,0.191
FALSE,TRUE,FALSE,FALSE,FALSE,0,0.183
FALSE,TRUE,FALSE,FALSE,FALSE,0,0.18
FALSE,TRUE,FALSE,FALSE,FALSE,0,0.174
FALSE,TRUE,FALSE,FALSE,FALSE,0,0.171
FALSE,TRUE,FALSE,FALSE,FALSE,0,0.172
FALSE,TRUE,FALSE,FALSE,FALSE,0,0.176
FALSE,TRUE,FALSE,FALSE,FALSE,0,0.171
FALSE,TRUE,FALSE,FALSE,FALSE,0,0.175
FALSE,TRUE,FALSE,FALSE,FALSE,0,0.176
FALSE,TRUE,FALSE,FALSE,FALSE,0,0.166
FALSE,TRUE,FALSE,FALSE,FALSE,0,0.163
FALSE,TRUE,FALSE,FALSE,FALSE,0,0.16
FALSE,TRUE,FALSE,FALSE,FALSE,0,0.167
FALSE,TRUE,FALSE,FALSE,FALSE,0,0.167
FALSE,TRUE,FALSE,FALSE,FALSE,0,0.165
FALSE,TRUE,FALSE,FALSE,FALSE,0,0.166
FALSE,TRUE,FALSE,FALSE,FALSE,0,0.171
FALSE,TRUE,FALSE,FALSE,FALSE,0,0.173
FALSE,TRUE,FALSE,FALSE,FALSE,0,0.177
FALSE,TRUE,FALSE,FALSE,FALSE,0,0.17
FALSE,TRUE,FALSE,FALSE,FALSE,0,0.173
FALSE,TRUE,FALSE,FALSE,FALSE,0,0.177
FALSE,TRUE,FALSE,FALSE,FALSE,0,0.172
FALSE,TRUE,FALSE,FALSE,FALSE,0,0.174
FALSE,TRUE,FALSE,FALSE,FALSE,0,0.177
FALSE,TRUE,FALSE,FALSE,FALSE,0.002,0.18
FALSE,TRUE,FALSE,FALSE,FALSE,0.002,0.17
FALSE,TRUE,FALSE,FALSE,FALSE,0.002,0.173
FALSE,TRUE,FALSE,FALSE,FALSE,0.002,0.176
FALSE,TRUE,FALSE,FALSE,FALSE,0.002,0.175
FALSE,TRUE,FALSE,FALSE,FALSE,0.002,0.174
FALSE,TRUE,FALSE,FALSE,FALSE,0.002,0.175
FALSE,TRUE,FALSE,FALSE,FALSE,0.002,0.181
FALSE,TRUE,FALSE,FALSE,FALSE,0.002,0.182
FALSE,TRUE,FALSE,FALSE,FALSE,0.002,0.175
FALSE,TRUE,FALSE,FALSE,FALSE,0.002,0.172
FALSE,TRUE,FALSE,FALSE,FALSE,0.002,0.178
FALSE,TRUE,FALSE,FALSE,FALSE,0.002,0.176
FALSE,TRUE,FALSE,FALSE,FALSE,0.002,0.175
FALSE,TRUE,FALSE,FALSE,FALSE,0.002,0.182
FALSE,TRUE,FALSE,FALSE,FALSE,0.002,0.185
FALSE,TRUE,FALSE,FALSE,FALSE,0.002,0.197
FALSE,TRUE,FALSE,FALSE,FALSE,0.002,0.188
FALSE,TRUE,FALSE,FALSE,FALSE,0.002,0.191
FALSE,TRUE,FALSE,FALSE,FALSE,0.002,0.192
FALSE,TRUE,FALSE,FALSE,FALSE,0.002,0.191
FALSE,TRUE,FALSE,FALSE,FALSE,0.002,0.181
FALSE,TRUE,FALSE,FALSE,FALSE,0.002,0.192
FALSE,TRUE,FALSE,FALSE,FALSE,0.002,0.194
FALSE,TRUE,FALSE,FALSE,FALSE,0.002,0.182
FALSE,TRUE,FALSE,FALSE,FALSE,0.002,0.18
FALSE,TRUE,FALSE,FALSE,FALSE,0.002,0.173
FALSE,TRUE,FALSE,FALSE,FALSE,0.002,0.173
FALSE,TRUE,FALSE,FALSE,FALSE,0.002,0.177
FALSE,TRUE,FALSE,FALSE,FALSE,0.002,0.177
FALSE,TRUE,FALSE,FALSE,FALSE,0.002,0.179
FALSE,TRUE,FALSE,FALSE,FALSE,0.002,0.186
FALSE,TRUE,FALSE,FALSE,FALSE,0.002,0.176
FALSE,TRUE,FALSE,FALSE,FALSE,0.002,0.17
FALSE,TRUE,FALSE,FALSE,FALSE,0.002,0.171
FALSE,TRUE,FALSE,FALSE,FALSE,0.002,0.17
FALSE,TRUE,FALSE,FALSE,FALSE,0.002,0.177
FALSE,TRUE,FALSE,FALSE,FALSE,0.002,0.173
FALSE,TRUE,FALSE,FALSE,FALSE,0.002,0.175
FALSE,TRUE,FALSE,FALSE,FALSE,0.002,0.182
FALSE,TRUE,FALSE,FALSE,FALSE,0.002,0.197
FALSE,TRUE,FALSE,FALSE,FALSE,0.002,0.19
FALSE,TRUE,FALSE,FALSE,FALSE,0.002,0.197
FALSE,TRUE,FALSE,FALSE,FALSE,0.002,0.197
FALSE,TRUE,FALSE,FALSE,FALSE,0.002,0.195
FALSE,TRUE,FALSE,FALSE,FALSE,0.002,0.201
FALSE,TRUE,FALSE,FALSE,FALSE,0.002,0.194
FALSE,TRUE,FALSE,FALSE,FALSE,0.002,0.196
FALSE,TRUE,FALSE,FALSE,FALSE,1,0.194
FALSE,TRUE,FALSE,FALSE,FALSE,1,0.179
FALSE,TRUE,FALSE,FALSE,FALSE,1,0.185
FALSE,TRUE,FALSE,FALSE,FALSE,1,0.188
FALSE,TRUE,FALSE,FALSE,FALSE,1,0.185
FALSE,TRUE,FALSE,FALSE,FALSE,1,0.189
FALSE,TRUE,FALSE,FALSE,FALSE,1,0.191
FALSE,TRUE,FALSE,FALSE,FALSE,1,0.194
FALSE,TRUE,FALSE,FALSE,FALSE,1,0.186
FALSE,TRUE,FALSE,FALSE,FALSE,1,0.187
FALSE,TRUE,FALSE,FALSE,FALSE,1,0.181
FALSE,TRUE,FALSE,FALSE,FALSE,1,0.184
FALSE,TRUE,FALSE,FALSE,FALSE,1,0.186
FALSE,TRUE,FALSE,FALSE,FALSE,1,0.173
FALSE,TRUE,FALSE,FALSE,FALSE,1,0.183
FALSE,TRUE,FALSE,FALSE,FALSE,1,0.185
FALSE,TRUE,FALSE,FALSE,FALSE,1,0.196
FALSE,TRUE,FALSE,FALSE,FALSE,1,0.198
FALSE,TRUE,FALSE,FALSE,FALSE,1,0.195
FALSE,TRUE,FALSE,FALSE,FALSE,1,0.191
FALSE,TRUE,FALSE,FALSE,FALSE,1,0.193
FALSE,TRUE,FALSE,FALSE,FALSE,1,0.193
FALSE,TRUE,FALSE,FALSE,FALSE,1,0.205
FALSE,TRUE,FALSE,FALSE,FALSE,1,0.2
FALSE,TRUE,FALSE,FALSE,FALSE,1,0.185
FALSE,TRUE,FALSE,FALSE,FALSE,1,0.165
FALSE,TRUE,FALSE,FALSE,FALSE,1,0.166
FALSE,TRUE,FALSE,FALSE,FALSE,1,0.166
FALSE,TRUE,FALSE,FALSE,FALSE,1,0.175
FALSE,TRUE,FALSE,FALSE,FALSE,1,0.17
FALSE,TRUE,FALSE,FALSE,FALSE,1,0.18
FALSE,TRUE,FALSE,FALSE,FALSE,1,0.185
FALSE,TRUE,FALSE,FALSE,FALSE,1,0.177
FALSE,TRUE,FALSE,FALSE,FALSE,1,0.17
FALSE,TRUE,FALSE,FALSE,FALSE,1,0.174
FALSE,TRUE,FALSE,FALSE,FALSE,1,0.176
FALSE,TRUE,FALSE,FALSE,FALSE,1,0.173
FALSE,TRUE,FALSE,FALSE,FALSE,1,0.174
FALSE,TRUE,FALSE,FALSE,FALSE,1,0.173
FALSE,TRUE,FALSE,FALSE,FALSE,1,0.175
FALSE,TRUE,FALSE,FALSE,FALSE,1,0.192
FALSE,TRUE,FALSE,FALSE,FALSE,1,0.18
FALSE,TRUE,FALSE,FALSE,FALSE,1,0.182
FALSE,TRUE,FALSE,FALSE,FALSE,1,0.178
FALSE,TRUE,FALSE,FALSE,FALSE,1,0.183
FALSE,TRUE,FALSE,FALSE,FALSE,1,0.189
FALSE,TRUE,FALSE,FALSE,FALSE,1,0.189
FALSE,TRUE,FALSE,FALSE,FALSE,1,0.202
FALSE,TRUE,FALSE,FALSE,FALSE,20,0.216
FALSE,TRUE,FALSE,FALSE,FALSE,20,0.194
FALSE,TRUE,FALSE,FALSE,FALSE,20,0.192
FALSE,TRUE,FALSE,FALSE,FALSE,20,0.19
FALSE,TRUE,FALSE,FALSE,FALSE,20,0.192
FALSE,TRUE,FALSE,FALSE,FALSE,20,0.192
FALSE,TRUE,FALSE,FALSE,FALSE,20,0.195
FALSE,TRUE,FALSE,FALSE,FALSE,20,0.208
FALSE,TRUE,FALSE,FALSE,FALSE,20,0.194
FALSE,TRUE,FALSE,FALSE,FALSE,20,0.188
FALSE,TRUE,FALSE,FALSE,FALSE,20,0.186
FALSE,TRUE,FALSE,FALSE,FALSE,20,0.188
FALSE,TRUE,FALSE,FALSE,FALSE,20,0.192
FALSE,TRUE,FALSE,FALSE,FALSE,20,0.189
FALSE,TRUE,FALSE,FALSE,FALSE,20,0.19
FALSE,TRUE,FALSE,FALSE,FALSE,20,0.199
FALSE,TRUE,FALSE,FALSE,FALSE,20,0.198
FALSE,TRUE,FALSE,FALSE,FALSE,20,0.201
FALSE,TRUE,FALSE,FALSE,FALSE,20,0.205
FALSE,TRUE,FALSE,FALSE,FALSE,20,0.207
FALSE,TRUE,FALSE,FALSE,FALSE,20,0.203
FALSE,TRUE,FALSE,FALSE,FALSE,20,0.202
FALSE,TRUE,FALSE,FALSE,FALSE,20,0.206
FALSE,TRUE,FALSE,FALSE,FALSE,20,0.221
FALSE,TRUE,FALSE,FALSE,FALSE,20,0.182
FALSE,TRUE,FALSE,FALSE,FALSE,20,0.174
FALSE,TRUE,FALSE,FALSE,FALSE,20,0.173
FALSE,TRUE,FALSE,FALSE,FALSE,20,0.175
FALSE,TRUE,FALSE,FALSE,FALSE,20,0.178
FALSE,TRUE,FALSE,FALSE,FALSE,20,0.178
FALSE,TRUE,FALSE,FALSE,FALSE,20,0.179
FALSE,TRUE,FALSE,FALSE,FALSE,20,0.186
FALSE,TRUE,FALSE,FALSE,FALSE,20,0.176
FALSE,TRUE,FALSE,FALSE,FALSE,20,0.173
FALSE,TRUE,FALSE,FALSE,FALSE,20,0.172
FALSE,TRUE,FALSE,FALSE,FALSE,20,0.176
FALSE,TRUE,FALSE,FALSE,FALSE,20,0.176
FALSE,TRUE,FALSE,FALSE,FALSE,20,0.171
FALSE,TRUE,FALSE,FALSE,FALSE,20,0.175
FALSE,TRUE,FALSE,FALSE,FALSE,20,0.183
FALSE,TRUE,FALSE,FALSE,FALSE,20,0.183
FALSE,TRUE,FALSE,FALSE,FALSE,20,0.186
FALSE,TRUE,FALSE,FALSE,FALSE,20,0.177
FALSE,TRUE,FALSE,FALSE,FALSE,20,0.178
FALSE,TRUE,FALSE,FALSE,FALSE,20,0.176
FALSE,TRUE,FALSE,FALSE,FALSE,20,0.183
FALSE,TRUE,FALSE,FALSE,FALSE,20,0.182
FALSE,TRUE,FALSE,FALSE,FALSE,20,0.191
FALSE,FALSE,TRUE,FALSE,TRUE,0,0.552
FALSE,FALSE,TRUE,FALSE,TRUE,0,0.61
FALSE,FALSE,TRUE,FALSE,TRUE,0,0.6
FALSE,FALSE,TRUE,FALSE,TRUE,0,0.588
FALSE,FALSE,TRUE,FALSE,TRUE,0,0.574
FALSE,FALSE,TRUE,FALSE,TRUE,0,0.608
FALSE,FALSE,TRUE,FALSE,TRUE,0,0.601
FALSE,FALSE,TRUE,FALSE,TRUE,0,0.694
FALSE,FALSE,TRUE,FALSE,TRUE,0,1.593
FALSE,FALSE,TRUE,FALSE,TRUE,0,1.496
FALSE,FALSE,TRUE,FALSE,TRUE,0,1.548
FALSE,FALSE,TRUE,FALSE,TRUE,0,1.581
FALSE,FALSE,TRUE,FALSE,TRUE,0,1.478
FALSE,FALSE,TRUE,FALSE,TRUE,0,1.411
FALSE,FALSE,TRUE,FALSE,TRUE,0,1.429
FALSE,FALSE,TRUE,FALSE,TRUE,0,1.257
FALSE,FALSE,TRUE,FALSE,TRUE,0,1.651
FALSE,FALSE,TRUE,FALSE,TRUE,0,1.633
FALSE,FALSE,TRUE,FALSE,TRUE,0,1.659
FALSE,FALSE,TRUE,FALSE,TRUE,0,1.664
FALSE,FALSE,TRUE,FALSE,TRUE,0,1.573
FALSE,FALSE,TRUE,FALSE,TRUE,0,1.569
FALSE,FALSE,TRUE,FALSE,TRUE,0,1.608
FALSE,FALSE,TRUE,FALSE,TRUE,0,1.695
FALSE,FALSE,TRUE,FALSE,TRUE,0,0.564
FALSE,FALSE,TRUE,FALSE,TRUE,0,0.632
FALSE,FALSE,TRUE,FALSE,TRUE,0,0.657
FALSE,FALSE,TRUE,FALSE,TRUE,0,0.663
FALSE,FALSE,TRUE,FALSE,TRUE,0,0.663
FALSE,FALSE,TRUE,FALSE,TRUE,0,0.646
FALSE,FALSE,TRUE,FALSE,TRUE,0,0.662
FALSE,FALSE,TRUE,FALSE,TRUE,0,0.642
FALSE,FALSE,TRUE,FALSE,TRUE,0,1.5
FALSE,FALSE,TRUE,FALSE,TRUE,0,1.768
FALSE,FALSE,TRUE,FALSE,TRUE,0,1.8
FALSE,FALSE,TRUE,FALSE,TRUE,0,1.814
FALSE,FALSE,TRUE,FALSE,TRUE,0,1.831
FALSE,FALSE,TRUE,FALSE,TRUE,0,1.697
FALSE,FALSE,TRUE,FALSE,TRUE,0,1.744
FALSE,FALSE,TRUE,FALSE,TRUE,0,1.552
FALSE,FALSE,TRUE,FALSE,TRUE,0,1.438
FALSE,FALSE,TRUE,FALSE,TRUE,0,1.417
FALSE,FALSE,TRUE,FALSE,TRUE,0,1.496
FALSE,FALSE,TRUE,FALSE,TRUE,0,1.449
FALSE,FALSE,TRUE,FALSE,TRUE,0,1.399
FALSE,FALSE,TRUE,FALSE,TRUE,0,1.453
FALSE,FALSE,TRUE,FALSE,TRUE,0,1.497
FALSE,FALSE,TRUE,FALSE,TRUE,0,1.652
FALSE,FALSE,TRUE,TRUE,FALSE,0,0.475
FALSE,FALSE,TRUE,TRUE,FALSE,0,0.535
FALSE,FALSE,TRUE,TRUE,FALSE,0,0.518
FALSE,FALSE,TRUE,TRUE,FALSE,0,0.54
FALSE,FALSE,TRUE,TRUE,FALSE,0,0.497
FALSE,FALSE,TRUE,TRUE,FALSE,0,0.511
FALSE,FALSE,TRUE,TRUE,FALSE,0,0.509
FALSE,FALSE,TRUE,TRUE,FALSE,0,0.506
FALSE,FALSE,TRUE,TRUE,FALSE,0,1.057
FALSE,FALSE,TRUE,TRUE,FALSE,0,1.077
FALSE,FALSE,TRUE,TRUE,FALSE,0,1.075
FALSE,FALSE,TRUE,TRUE,FALSE,0,1.319
FALSE,FALSE,TRUE,TRUE,FALSE,0,1.217
FALSE,FALSE,TRUE,TRUE,FALSE,0,1.057
FALSE,FALSE,TRUE,TRUE,FALSE,0,1.08
FALSE,FALSE,TRUE,TRUE,FALSE,0,1.121
FALSE,FALSE,TRUE,TRUE,FALSE,0,1.107
FALSE,FALSE,TRUE,TRUE,FALSE,0,1.537
FALSE,FALSE,TRUE,TRUE,FALSE,0,1.187
FALSE,FALSE,TRUE,TRUE,FALSE,0,1.16
FALSE,FALSE,TRUE,TRUE,FALSE,0,1.32
FALSE,FALSE,TRUE,TRUE,FALSE,0,1.381
FALSE,FALSE,TRUE,TRUE,FALSE,0,1.638
FALSE,FALSE,TRUE,TRUE,FALSE,0,1.597
FALSE,FALSE,TRUE,TRUE,FALSE,0,0.432
FALSE,FALSE,TRUE,TRUE,FALSE,0,0.439
FALSE,FALSE,TRUE,TRUE,FALSE,0,0.417
FALSE,FALSE,TRUE,TRUE,FALSE,0,0.447
FALSE,FALSE,TRUE,TRUE,FALSE,0,0.413
FALSE,FALSE,TRUE,TRUE,FALSE,0,0.428
FALSE,FALSE,TRUE,TRUE,FALSE,0,0.456
FALSE,FALSE,TRUE,TRUE,FALSE,0,0.483
FALSE,FALSE,TRUE,TRUE,FALSE,0,0.953
FALSE,FALSE,TRUE,TRUE,FALSE,0,1.02
FALSE,FALSE,TRUE,TRUE,FALSE,0,0.938
FALSE,FALSE,TRUE,TRUE,FALSE,0,0.872
FALSE,FALSE,TRUE,TRUE,FALSE,0,0.945
FALSE,FALSE,TRUE,TRUE,FALSE,0,0.941
FALSE,FALSE,TRUE,TRUE,FALSE,0,0.936
FALSE,FALSE,TRUE,TRUE,FALSE,0,1.132
FALSE,FALSE,TRUE,TRUE,FALSE,0,0.957
FALSE,FALSE,TRUE,TRUE,FALSE,0,1.004
FALSE,FALSE,TRUE,TRUE,FALSE,0,1.019
FALSE,FALSE,TRUE,TRUE,FALSE,0,1.074
FALSE,FALSE,TRUE,TRUE,FALSE,0,1.337
FALSE,FALSE,TRUE,TRUE,FALSE,0,1.288
FALSE,FALSE,TRUE,TRUE,FALSE,0,1.021
FALSE,FALSE,TRUE,TRUE,FALSE,0,1.15
FALSE,FALSE,TRUE,FALSE,FALSE,0,0.434
FALSE,FALSE,TRUE,FALSE,FALSE,0,0.492
FALSE,FALSE,TRUE,FALSE,FALSE,0,0.481
FALSE,FALSE,TRUE,FALSE,FALSE,0,0.457
FALSE,FALSE,TRUE,FALSE,FALSE,0,0.443
FALSE,FALSE,TRUE,FALSE,FALSE,0,0.474
FALSE,FALSE,TRUE,FALSE,FALSE,0,0.472
FALSE,FALSE,TRUE,FALSE,FALSE,0,0.445
FALSE,FALSE,TRUE,FALSE,FALSE,0,0.992
FALSE,FALSE,TRUE,FALSE,FALSE,0,1.059
FALSE,FALSE,TRUE,FALSE,FALSE,0,0.953
FALSE,FALSE,TRUE,FALSE,FALSE,0,0.995
FALSE,FALSE,TRUE,FALSE,FALSE,0,1.107
FALSE,FALSE,TRUE,FALSE,FALSE,0,0.973
FALSE,FALSE,TRUE,FALSE,FALSE,0,0.882
FALSE,FALSE,TRUE,FALSE,FALSE,0,0.911
FALSE,FALSE,TRUE,FALSE,FALSE,0,1.166
FALSE,FALSE,TRUE,FALSE,FALSE,0,1.06
FALSE,FALSE,TRUE,FALSE,FALSE,0,0.984
FALSE,FALSE,TRUE,FALSE,FALSE,0,1.112
FALSE,FALSE,TRUE,FALSE,FALSE,0,1.082
FALSE,FALSE,TRUE,FALSE,FALSE,0,1.125
FALSE,FALSE,TRUE,FALSE,FALSE,0,1.064
FALSE,FALSE,TRUE,FALSE,FALSE,0,1.092
FALSE,FALSE,TRUE,FALSE,FALSE,0,0.438
FALSE,FALSE,TRUE,FALSE,FALSE,0,0.48
FALSE,FALSE,TRUE,FALSE,FALSE,0,0.497
FALSE,FALSE,TRUE,FALSE,FALSE,0,0.453
FALSE,FALSE,TRUE,FALSE,FALSE,0,0.487
FALSE,FALSE,TRUE,FALSE,FALSE,0,0.516
FALSE,FALSE,TRUE,FALSE,FALSE,0,0.534
FALSE,FALSE,TRUE,FALSE,FALSE,0,0.473
FALSE,FALSE,TRUE,FALSE,FALSE,0,1.138
FALSE,FALSE,TRUE,FALSE,FALSE,0,1.039
FALSE,FALSE,TRUE,FALSE,FALSE,0,1.058
FALSE,FALSE,TRUE,FALSE,FALSE,0,0.995
FALSE,FALSE,TRUE,FALSE,FALSE,0,1.162
FALSE,FALSE,TRUE,FALSE,FALSE,0,1.194
FALSE,FALSE,TRUE,FALSE,FALSE,0,1.016
FALSE,FALSE,TRUE,FALSE,FALSE,0,0.854
FALSE,FALSE,TRUE,FALSE,FALSE,0,1.056
FALSE,FALSE,TRUE,FALSE,FALSE,0,1.051
FALSE,FALSE,TRUE,FALSE,FALSE,0,1.044
FALSE,FALSE,TRUE,FALSE,FALSE,0,1.203
FALSE,FALSE,TRUE,FALSE,FALSE,0,1.17
FALSE,FALSE,TRUE,FALSE,FALSE,0,1.156
FALSE,FALSE,TRUE,FALSE,FALSE,0,0.971
FALSE,FALSE,TRUE,FALSE,FALSE,0,0.967
FALSE,FALSE,TRUE,FALSE,FALSE,0.002,0.398
FALSE,FALSE,TRUE,FALSE,FALSE,0.002,0.566
FALSE,FALSE,TRUE,FALSE,FALSE,0.002,0.528
FALSE,FALSE,TRUE,FALSE,FALSE,0.002,0.501
FALSE,FALSE,TRUE,FALSE,FALSE,0.002,0.523
FALSE,FALSE,TRUE,FALSE,FALSE,0.002,0.576
FALSE,FALSE,TRUE,FALSE,FALSE,0.002,0.675
FALSE,FALSE,TRUE,FALSE,FALSE,0.002,0.476
FALSE,FALSE,TRUE,FALSE,FALSE,0.002,0.903
FALSE,FALSE,TRUE,FALSE,FALSE,0.002,0.891
FALSE,FALSE,TRUE,FALSE,FALSE,0.002,0.783
FALSE,FALSE,TRUE,FALSE,FALSE,0.002,0.85
FALSE,FALSE,TRUE,FALSE,FALSE,0.002,0.955
FALSE,FALSE,TRUE,FALSE,FALSE,0.002,1.048
FALSE,FALSE,TRUE,FALSE,FALSE,0.002,0.868
FALSE,FALSE,TRUE,FALSE,FALSE,0.002,0.876
FALSE,FALSE,TRUE,FALSE,FALSE,0.002,0.959
FALSE,FALSE,TRUE,FALSE,FALSE,0.002,0.832
FALSE,FALSE,TRUE,FALSE,FALSE,0.002,0.81
FALSE,FALSE,TRUE,FALSE,FALSE,0.002,0.926
FALSE,FALSE,TRUE,FALSE,FALSE,0.002,1.175
FALSE,FALSE,TRUE,FALSE,FALSE,0.002,0.968
FALSE,FALSE,TRUE,FALSE,FALSE,0.002,1.37
FALSE,FALSE,TRUE,FALSE,FALSE,0.002,0.843
FALSE,FALSE,TRUE,FALSE,FALSE,0.002,0.419
FALSE,FALSE,TRUE,FALSE,FALSE,0.002,0.45
FALSE,FALSE,TRUE,FALSE,FALSE,0.002,0.441
FALSE,FALSE,TRUE,FALSE,FALSE,0.002,0.448
FALSE,FALSE,TRUE,FALSE,FALSE,0.002,0.459
FALSE,FALSE,TRUE,FALSE,FALSE,0.002,0.453
FALSE,FALSE,TRUE,FALSE,FALSE,0.002,0.453
FALSE,FALSE,TRUE,FALSE,FALSE,0.002,0.459
FALSE,FALSE,TRUE,FALSE,FALSE,0.002,0.884
FALSE,FALSE,TRUE,FALSE,FALSE,0.002,0.918
FALSE,FALSE,TRUE,FALSE,FALSE,0.002,0.877
FALSE,FALSE,TRUE,FALSE,FALSE,0.002,0.891
FALSE,FALSE,TRUE,FALSE,FALSE,0.002,0.871
FALSE,FALSE,TRUE,FALSE,FALSE,0.002,0.926
FALSE,FALSE,TRUE,FALSE,FALSE,0.002,0.901
FALSE,FALSE,TRUE,FALSE,FALSE,0.002,0.86
FALSE,FALSE,TRUE,FALSE,FALSE,0.002,0.962
FALSE,FALSE,TRUE,FALSE,FALSE,0.002,0.913
FALSE,FALSE,TRUE,FALSE,FALSE,0.002,0.899
FALSE,FALSE,TRUE,FALSE,FALSE,0.002,0.91
FALSE,FALSE,TRUE,FALSE,FALSE,0.002,0.887
FALSE,FALSE,TRUE,FALSE,FALSE,0.002,0.882
FALSE,FALSE,TRUE,FALSE,FALSE,0.002,1.005
FALSE,FALSE,TRUE,FALSE,FALSE,0.002,0.902
FALSE,FALSE,TRUE,FALSE,FALSE,1,0.419
FALSE,FALSE,TRUE,FALSE,FALSE,1,0.45
FALSE,FALSE,TRUE,FALSE,FALSE,1,0.441
FALSE,FALSE,TRUE,FALSE,FALSE,1,0.448
FALSE,FALSE,TRUE,FALSE,FALSE,1,0.459
FALSE,FALSE,TRUE,FALSE,FALSE,1,0.453
FALSE,FALSE,TRUE,FALSE,FALSE,1,0.453
FALSE,FALSE,TRUE,FALSE,FALSE,1,0.459
FALSE,FALSE,TRUE,FALSE,FALSE,1,0.884
FALSE,FALSE,TRUE,FALSE,FALSE,1,0.918
FALSE,FALSE,TRUE,FALSE,FALSE,1,0.877
FALSE,FALSE,TRUE,FALSE,FALSE,1,0.891
FALSE,FALSE,TRUE,FALSE,FALSE,1,0.871
FALSE,FALSE,TRUE,FALSE,FALSE,1,0.926
FALSE,FALSE,TRUE,FALSE,FALSE,1,0.901
FALSE,FALSE,TRUE,FALSE,FALSE,1,0.86
FALSE,FALSE,TRUE,FALSE,FALSE,1,0.962
FALSE,FALSE,TRUE,FALSE,FALSE,1,0.913
FALSE,FALSE,TRUE,FALSE,FALSE,1,0.899
FALSE,FALSE,TRUE,FALSE,FALSE,1,0.91
FALSE,FALSE,TRUE,FALSE,FALSE,1,0.887
FALSE,FALSE,TRUE,FALSE,FALSE,1,0.882
FALSE,FALSE,TRUE,FALSE,FALSE,1,1.005
FALSE,FALSE,TRUE,FALSE,FALSE,1,0.902
FALSE,FALSE,TRUE,FALSE,FALSE,1,0.415
FALSE,FALSE,TRUE,FALSE,FALSE,1,0.479
FALSE,FALSE,TRUE,FALSE,FALSE,1,0.483
FALSE,FALSE,TRUE,FALSE,FALSE,1,0.493
FALSE,FALSE,TRUE,FALSE,FALSE,1,0.479
FALSE,FALSE,TRUE,FALSE,FALSE,1,0.477
FALSE,FALSE,TRUE,FALSE,FALSE,1,0.46
FALSE,FALSE,TRUE,FALSE,FALSE,1,0.472
FALSE,FALSE,TRUE,FALSE,FALSE,1,1.215
FALSE,FALSE,TRUE,FALSE,FALSE,1,1.323
FALSE,FALSE,TRUE,FALSE,FALSE,1,1.496
FALSE,FALSE,TRUE,FALSE,FALSE,1,1.204
FALSE,FALSE,TRUE,FALSE,FALSE,1,1.107
FALSE,FALSE,TRUE,FALSE,FALSE,1,1.176
FALSE,FALSE,TRUE,FALSE,FALSE,1,1.121
FALSE,FALSE,TRUE,FALSE,FALSE,1,0.908
FALSE,FALSE,TRUE,FALSE,FALSE,1,0.965
FALSE,FALSE,TRUE,FALSE,FALSE,1,1.809
FALSE,FALSE,TRUE,FALSE,FALSE,1,1.809
FALSE,FALSE,TRUE,FALSE,FALSE,1,1.721
FALSE,FALSE,TRUE,FALSE,FALSE,1,1.441
FALSE,FALSE,TRUE,FALSE,FALSE,1,1.748
FALSE,FALSE,TRUE,FALSE,FALSE,1,1.598
FALSE,FALSE,TRUE,FALSE,FALSE,1,1.709
FALSE,FALSE,TRUE,FALSE,FALSE,20,0.354
FALSE,FALSE,TRUE,FALSE,FALSE,20,0.384
FALSE,FALSE,TRUE,FALSE,FALSE,20,0.386
FALSE,FALSE,TRUE,FALSE,FALSE,20,0.399
FALSE,FALSE,TRUE,FALSE,FALSE,20,0.388
FALSE,FALSE,TRUE,FALSE,FALSE,20,0.393
FALSE,FALSE,TRUE,FALSE,FALSE,20,0.407
FALSE,FALSE,TRUE,FALSE,FALSE,20,0.418
FALSE,FALSE,TRUE,FALSE,FALSE,20,0.864
FALSE,FALSE,TRUE,FALSE,FALSE,20,0.844
FALSE,FALSE,TRUE,FALSE,FALSE,20,0.793
FALSE,FALSE,TRUE,FALSE,FALSE,20,0.816
FALSE,FALSE,TRUE,FALSE,FALSE,20,0.749
FALSE,FALSE,TRUE,FALSE,FALSE,20,0.865
FALSE,FALSE,TRUE,FALSE,FALSE,20,0.826
FALSE,FALSE,TRUE,FALSE,FALSE,20,0.768
FALSE,FALSE,TRUE,FALSE,FALSE,20,0.93
FALSE,FALSE,TRUE,FALSE,FALSE,20,1.433
FALSE,FALSE,TRUE,FALSE,FALSE,20,1.237
FALSE,FALSE,TRUE,FALSE,FALSE,20,1.221
FALSE,FALSE,TRUE,FALSE,FALSE,20,1.421
FALSE,FALSE,TRUE,FALSE,FALSE,20,1.313
FALSE,FALSE,TRUE,FALSE,FALSE,20,1.602
FALSE,FALSE,TRUE,FALSE,FALSE,20,1.521
FALSE,FALSE,TRUE,FALSE,FALSE,20,0.363
FALSE,FALSE,TRUE,FALSE,FALSE,20,0.384
FALSE,FALSE,TRUE,FALSE,FALSE,20,0.386
FALSE,FALSE,TRUE,FALSE,FALSE,20,0.37
FALSE,FALSE,TRUE,FALSE,FALSE,20,0.378
FALSE,FALSE,TRUE,FALSE,FALSE,20,0.365
FALSE,FALSE,TRUE,FALSE,FALSE,20,0.363
FALSE,FALSE,TRUE,FALSE,FALSE,20,0.362
FALSE,FALSE,TRUE,FALSE,FALSE,20,0.848
FALSE,FALSE,TRUE,FALSE,FALSE,20,0.865
FALSE,FALSE,TRUE,FALSE,FALSE,20,0.802
FALSE,FALSE,TRUE,FALSE,FALSE,20,0.786
FALSE,FALSE,TRUE,FALSE,FALSE,20,0.763
FALSE,FALSE,TRUE,FALSE,FALSE,20,0.745
FALSE,FALSE,TRUE,FALSE,FALSE,20,0.778
FALSE,FALSE,TRUE,FALSE,FALSE,20,0.724
FALSE,FALSE,TRUE,FALSE,FALSE,20,0.818
FALSE,FALSE,TRUE,FALSE,FALSE,20,0.856
FALSE,FALSE,TRUE,FALSE,FALSE,20,0.819
FALSE,FALSE,TRUE,FALSE,FALSE,20,0.864
FALSE,FALSE,TRUE,FALSE,FALSE,20,0.792
FALSE,FALSE,TRUE,FALSE,FALSE,20,0.803
FALSE,FALSE,TRUE,FALSE,FALSE,20,0.931
FALSE,FALSE,TRUE,FALSE,FALSE,20,0.816
TRUE,TRUE,FALSE,FALSE,TRUE,0,1.164
TRUE,TRUE,FALSE,FALSE,TRUE,0,1.152
TRUE,TRUE,FALSE,FALSE,TRUE,0,1.282
TRUE,TRUE,FALSE,FALSE,TRUE,0,1.315
TRUE,TRUE,FALSE,FALSE,TRUE,0,1.456
TRUE,TRUE,FALSE,FALSE,TRUE,0,1.453
TRUE,TRUE,FALSE,FALSE,TRUE,0,1.276
TRUE,TRUE,FALSE,FALSE,TRUE,0,1.563
TRUE,TRUE,FALSE,FALSE,TRUE,0,1.042
TRUE,TRUE,FALSE,FALSE,TRUE,0,1.194
TRUE,TRUE,FALSE,FALSE,TRUE,0,1.174
TRUE,TRUE,FALSE,FALSE,TRUE,0,1.256
TRUE,TRUE,FALSE,FALSE,TRUE,0,1.163
TRUE,TRUE,FALSE,FALSE,TRUE,0,1.336
TRUE,TRUE,FALSE,FALSE,TRUE,0,1.178
TRUE,TRUE,FALSE,FALSE,TRUE,0,1.171
TRUE,TRUE,FALSE,FALSE,TRUE,0,1.219
TRUE,TRUE,FALSE,FALSE,TRUE,0,1.538
TRUE,TRUE,FALSE,FALSE,TRUE,0,1.23
TRUE,TRUE,FALSE,FALSE,TRUE,0,1.212
TRUE,TRUE,FALSE,FALSE,TRUE,0,1.152
TRUE,TRUE,FALSE,FALSE,TRUE,0,1.262
TRUE,TRUE,FALSE,FALSE,TRUE,0,1.251
TRUE,TRUE,FALSE,FALSE,TRUE,0,1.16
TRUE,TRUE,FALSE,FALSE,TRUE,0,1.125
TRUE,TRUE,FALSE,FALSE,TRUE,0,1.378
TRUE,TRUE,FALSE,FALSE,TRUE,0,1.319
TRUE,TRUE,FALSE,FALSE,TRUE,0,1.294
TRUE,TRUE,FALSE,FALSE,TRUE,0,1.144
TRUE,TRUE,FALSE,FALSE,TRUE,0,1.3
TRUE,TRUE,FALSE,FALSE,TRUE,0,1.384
TRUE,TRUE,FALSE,FALSE,TRUE,0,1.393
TRUE,TRUE,FALSE,FALSE,TRUE,0,0.995
TRUE,TRUE,FALSE,FALSE,TRUE,0,1.24
TRUE,TRUE,FALSE,FALSE,TRUE,0,1.085
TRUE,TRUE,FALSE,FALSE,TRUE,0,1.003
TRUE,TRUE,FALSE,FALSE,TRUE,0,1.126
TRUE,TRUE,FALSE,FALSE,TRUE,0,0.991
TRUE,TRUE,FALSE,FALSE,TRUE,0,1.093
TRUE,TRUE,FALSE,FALSE,TRUE,0,1.162
TRUE,TRUE,FALSE,FALSE,TRUE,0,1.087
TRUE,TRUE,FALSE,FALSE,TRUE,0,1.391
TRUE,TRUE,FALSE,FALSE,TRUE,0,1.124
TRUE,TRUE,FALSE,FALSE,TRUE,0,1.166
TRUE,TRUE,FALSE,FALSE,TRUE,0,1.146
TRUE,TRUE,FALSE,FALSE,TRUE,0,1.019
TRUE,TRUE,FALSE,FALSE,TRUE,0,1.164
TRUE,TRUE,FALSE,FALSE,TRUE,0,1.247
TRUE,TRUE,FALSE,TRUE,FALSE,0,0.397
TRUE,TRUE,FALSE,TRUE,FALSE,0,0.401
TRUE,TRUE,FALSE,TRUE,FALSE,0,0.395
TRUE,TRUE,FALSE,TRUE,FALSE,0,0.364
TRUE,TRUE,FALSE,TRUE,FALSE,0,0.409
TRUE,TRUE,FALSE,TRUE,FALSE,0,0.402
TRUE,TRUE,FALSE,TRUE,FALSE,0,0.436
TRUE,TRUE,FALSE,TRUE,FALSE,0,0.399
TRUE,TRUE,FALSE,TRUE,FALSE,0,0.44
TRUE,TRUE,FALSE,TRUE,FALSE,0,0.406
TRUE,TRUE,FALSE,TRUE,FALSE,0,0.438
TRUE,TRUE,FALSE,TRUE,FALSE,0,0.418
TRUE,TRUE,FALSE,TRUE,FALSE,0,0.42
TRUE,TRUE,FALSE,TRUE,FALSE,0,0.355
TRUE,TRUE,FALSE,TRUE,FALSE,0,0.413
TRUE,TRUE,FALSE,TRUE,FALSE,0,0.445
TRUE,TRUE,FALSE,TRUE,FALSE,0,0.408
TRUE,TRUE,FALSE,TRUE,FALSE,0,0.412
TRUE,TRUE,FALSE,TRUE,FALSE,0,0.358
TRUE,TRUE,FALSE,TRUE,FALSE,0,0.386
TRUE,TRUE,FALSE,TRUE,FALSE,0,0.376
TRUE,TRUE,FALSE,TRUE,FALSE,0,0.385
TRUE,TRUE,FALSE,TRUE,FALSE,0,0.394
TRUE,TRUE,FALSE,TRUE,FALSE,0,0.439
TRUE,TRUE,FALSE,TRUE,FALSE,0,0.376
TRUE,TRUE,FALSE,TRUE,FALSE,0,0.409
TRUE,TRUE,FALSE,TRUE,FALSE,0,0.387
TRUE,TRUE,FALSE,TRUE,FALSE,0,0.417
TRUE,TRUE,FALSE,TRUE,FALSE,0,0.394
TRUE,TRUE,FALSE,TRUE,FALSE,0,0.417
TRUE,TRUE,FALSE,TRUE,FALSE,0,0.41
TRUE,TRUE,FALSE,TRUE,FALSE,0,0.417
TRUE,TRUE,FALSE,TRUE,FALSE,0,0.406
TRUE,TRUE,FALSE,TRUE,FALSE,0,0.414
TRUE,TRUE,FALSE,TRUE,FALSE,0,0.411
TRUE,TRUE,FALSE,TRUE,FALSE,0,0.436
TRUE,TRUE,FALSE,TRUE,FALSE,0,0.401
TRUE,TRUE,FALSE,TRUE,FALSE,0,0.379
TRUE,TRUE,FALSE,TRUE,FALSE,0,0.367
TRUE,TRUE,FALSE,TRUE,FALSE,0,0.45
TRUE,TRUE,FALSE,TRUE,FALSE,0,0.411
TRUE,TRUE,FALSE,TRUE,FALSE,0,0.378
TRUE,TRUE,FALSE,TRUE,FALSE,0,0.455
TRUE,TRUE,FALSE,TRUE,FALSE,0,0.367
TRUE,TRUE,FALSE,TRUE,FALSE,0,0.378
TRUE,TRUE,FALSE,TRUE,FALSE,0,0.382
TRUE,TRUE,FALSE,TRUE,FALSE,0,0.402
TRUE,TRUE,FALSE,TRUE,FALSE,0,0.424
TRUE,TRUE,FALSE,FALSE,FALSE,0,0.4
TRUE,TRUE,FALSE,FALSE,FALSE,0,0.448
TRUE,TRUE,FALSE,FALSE,FALSE,0,0.406
TRUE,TRUE,FALSE,FALSE,FALSE,0,0.407
TRUE,TRUE,FALSE,FALSE,FALSE,0,0.41
TRUE,TRUE,FALSE,FALSE,FALSE,0,0.441
TRUE,TRUE,FALSE,FALSE,FALSE,0,0.438
TRUE,TRUE,FALSE,FALSE,FALSE,0,0.409
TRUE,TRUE,FALSE,FALSE,FALSE,0,0.427
TRUE,TRUE,FALSE,FALSE,FALSE,0,0.358
TRUE,TRUE,FALSE,FALSE,FALSE,0,0.407
TRUE,TRUE,FALSE,FALSE,FALSE,0,0.396
TRUE,TRUE,FALSE,FALSE,FALSE,0,0.42
TRUE,TRUE,FALSE,FALSE,FALSE,0,0.484
TRUE,TRUE,FALSE,FALSE,FALSE,0,0.423
TRUE,TRUE,FALSE,FALSE,FALSE,0,0.41
TRUE,TRUE,FALSE,FALSE,FALSE,0,0.449
TRUE,TRUE,FALSE,FALSE,FALSE,0,0.394
TRUE,TRUE,FALSE,FALSE,FALSE,0,0.394
TRUE,TRUE,FALSE,FALSE,FALSE,0,0.39
TRUE,TRUE,FALSE,FALSE,FALSE,0,0.387
TRUE,TRUE,FALSE,FALSE,FALSE,0,0.396
TRUE,TRUE,FALSE,FALSE,FALSE,0,0.434
TRUE,TRUE,FALSE,FALSE,FALSE,0,0.4
TRUE,TRUE,FALSE,FALSE,FALSE,0,0.432
TRUE,TRUE,FALSE,FALSE,FALSE,0,0.385
TRUE,TRUE,FALSE,FALSE,FALSE,0,0.361
TRUE,TRUE,FALSE,FALSE,FALSE,0,0.348
TRUE,TRUE,FALSE,FALSE,FALSE,0,0.346
TRUE,TRUE,FALSE,FALSE,FALSE,0,0.348
TRUE,TRUE,FALSE,FALSE,FALSE,0,0.379
TRUE,TRUE,FALSE,FALSE,FALSE,0,0.395
TRUE,TRUE,FALSE,FALSE,FALSE,0,0.404
TRUE,TRUE,FALSE,FALSE,FALSE,0,0.345
TRUE,TRUE,FALSE,FALSE,FALSE,0,0.338
TRUE,TRUE,FALSE,FALSE,FALSE,0,0.431
TRUE,TRUE,FALSE,FALSE,FALSE,0,0.39
TRUE,TRUE,FALSE,FALSE,FALSE,0,0.407
TRUE,TRUE,FALSE,FALSE,FALSE,0,0.417
TRUE,TRUE,FALSE,FALSE,FALSE,0,0.411
TRUE,TRUE,FALSE,FALSE,FALSE,0,0.385
TRUE,TRUE,FALSE,FALSE,FALSE,0,0.325
TRUE,TRUE,FALSE,FALSE,FALSE,0,0.331
TRUE,TRUE,FALSE,FALSE,FALSE,0,0.348
TRUE,TRUE,FALSE,FALSE,FALSE,0,0.357
TRUE,TRUE,FALSE,FALSE,FALSE,0,0.355
TRUE,TRUE,FALSE,FALSE,FALSE,0,0.347
TRUE,TRUE,FALSE,FALSE,FALSE,0.002,0.523
TRUE,TRUE,FALSE,FALSE,FALSE,0.002,0.564
TRUE,TRUE,FALSE,FALSE,FALSE,0.002,0.577
TRUE,TRUE,FALSE,FALSE,FALSE,0.002,0.449
TRUE,TRUE,FALSE,FALSE,FALSE,0.002,0.485
TRUE,TRUE,FALSE,FALSE,FALSE,0.002,0.537
TRUE,TRUE,FALSE,FALSE,FALSE,0.002,0.539
TRUE,TRUE,FALSE,FALSE,FALSE,0.002,0.475
TRUE,TRUE,FALSE,FALSE,FALSE,0.002,0.421
TRUE,TRUE,FALSE,FALSE,FALSE,0.002,0.442
TRUE,TRUE,FALSE,FALSE,FALSE,0.002,0.45
TRUE,TRUE,FALSE,FALSE,FALSE,0.002,0.415
TRUE,TRUE,FALSE,FALSE,FALSE,0.002,0.421
TRUE,TRUE,FALSE,FALSE,FALSE,0.002,0.519
TRUE,TRUE,FALSE,FALSE,FALSE,0.002,0.49
TRUE,TRUE,FALSE,FALSE,FALSE,0.002,0.424
TRUE,TRUE,FALSE,FALSE,FALSE,0.002,0.459
TRUE,TRUE,FALSE,FALSE,FALSE,0.002,0.487
TRUE,TRUE,FALSE,FALSE,FALSE,0.002,0.451
TRUE,TRUE,FALSE,FALSE,FALSE,0.002,0.458
TRUE,TRUE,FALSE,FALSE,FALSE,0.002,0.499
TRUE,TRUE,FALSE,FALSE,FALSE,0.002,0.509
TRUE,TRUE,FALSE,FALSE,FALSE,0.002,0.492
TRUE,TRUE,FALSE,FALSE,FALSE,0.002,0.53
TRUE,TRUE,FALSE,FALSE,FALSE,0.002,0.436
TRUE,TRUE,FALSE,FALSE,FALSE,0.002,0.381
TRUE,TRUE,FALSE,FALSE,FALSE,0.002,0.379
TRUE,TRUE,FALSE,FALSE,FALSE,0.002,0.463
TRUE,TRUE,FALSE,FALSE,FALSE,0.002,0.433
TRUE,TRUE,FALSE,FALSE,FALSE,0.002,0.403
TRUE,TRUE,FALSE,FALSE,FALSE,0.002,0.43
TRUE,TRUE,FALSE,FALSE,FALSE,0.002,0.423
TRUE,TRUE,FALSE,FALSE,FALSE,0.002,0.376
TRUE,TRUE,FALSE,FALSE,FALSE,0.002,0.413
TRUE,TRUE,FALSE,FALSE,FALSE,0.002,0.442
TRUE,TRUE,FALSE,FALSE,FALSE,0.002,0.444
TRUE,TRUE,FALSE,FALSE,FALSE,0.002,0.426
TRUE,TRUE,FALSE,FALSE,FALSE,0.002,0.422
TRUE,TRUE,FALSE,FALSE,FALSE,0.002,0.419
TRUE,TRUE,FALSE,FALSE,FALSE,0.002,0.458
TRUE,TRUE,FALSE,FALSE,FALSE,0.002,0.374
TRUE,TRUE,FALSE,FALSE,FALSE,0.002,0.409
TRUE,TRUE,FALSE,FALSE,FALSE,0.002,0.436
TRUE,TRUE,FALSE,FALSE,FALSE,0.002,0.419
TRUE,TRUE,FALSE,FALSE,FALSE,0.002,0.455
TRUE,TRUE,FALSE,FALSE,FALSE,0.002,0.441
TRUE,TRUE,FALSE,FALSE,FALSE,0.002,0.404
TRUE,TRUE,FALSE,FALSE,FALSE,0.002,0.493
TRUE,TRUE,FALSE,FALSE,FALSE,1,0.566
TRUE,TRUE,FALSE,FALSE,FALSE,1,0.519
TRUE,TRUE,FALSE,FALSE,FALSE,1,0.516
TRUE,TRUE,FALSE,FALSE,FALSE,1,0.541
TRUE,TRUE,FALSE,FALSE,FALSE,1,0.539
TRUE,TRUE,FALSE,FALSE,FALSE,1,0.519
TRUE,TRUE,FALSE,FALSE,FALSE,1,0.52
TRUE,TRUE,FALSE,FALSE,FALSE,1,0.553
TRUE,TRUE,FALSE,FALSE,FALSE,1,0.506
TRUE,TRUE,FALSE,FALSE,FALSE,1,0.513
TRUE,TRUE,FALSE,FALSE,FALSE,1,0.505
TRUE,TRUE,FALSE,FALSE,FALSE,1,0.511
TRUE,TRUE,FALSE,FALSE,FALSE,1,0.563
TRUE,TRUE,FALSE,FALSE,FALSE,1,0.557
TRUE,TRUE,FALSE,FALSE,FALSE,1,0.531
TRUE,TRUE,FALSE,FALSE,FALSE,1,0.582
TRUE,TRUE,FALSE,FALSE,FALSE,1,0.544
TRUE,TRUE,FALSE,FALSE,FALSE,1,0.491
TRUE,TRUE,FALSE,FALSE,FALSE,1,0.48
TRUE,TRUE,FALSE,FALSE,FALSE,1,0.513
TRUE,TRUE,FALSE,FALSE,FALSE,1,0.554
TRUE,TRUE,FALSE,FALSE,FALSE,1,0.521
TRUE,TRUE,FALSE,FALSE,FALSE,1,0.508
TRUE,TRUE,FALSE,FALSE,FALSE,1,0.528
TRUE,TRUE,FALSE,FALSE,FALSE,1,0.583
TRUE,TRUE,FALSE,FALSE,FALSE,1,0.496
TRUE,TRUE,FALSE,FALSE,FALSE,1,0.513
TRUE,TRUE,FALSE,FALSE,FALSE,1,0.537
TRUE,TRUE,FALSE,FALSE,FALSE,1,0.532
TRUE,TRUE,FALSE,FALSE,FALSE,1,0.568
TRUE,TRUE,FALSE,FALSE,FALSE,1,0.537
TRUE,TRUE,FALSE,FALSE,FALSE,1,0.554
TRUE,TRUE,FALSE,FALSE,FALSE,1,0.536
TRUE,TRUE,FALSE,FALSE,FALSE,1,0.476
TRUE,TRUE,FALSE,FALSE,FALSE,1,0.483
TRUE,TRUE,FALSE,FALSE,FALSE,1,0.503
TRUE,TRUE,FALSE,FALSE,FALSE,1,0.5
TRUE,TRUE,FALSE,FALSE,FALSE,1,0.49
TRUE,TRUE,FALSE,FALSE,FALSE,1,0.498
TRUE,TRUE,FALSE,FALSE,FALSE,1,0.491
TRUE,TRUE,FALSE,FALSE,FALSE,1,0.465
TRUE,TRUE,FALSE,FALSE,FALSE,1,0.559
TRUE,TRUE,FALSE,FALSE,FALSE,1,0.591
TRUE,TRUE,FALSE,FALSE,FALSE,1,0.469
TRUE,TRUE,FALSE,FALSE,FALSE,1,0.545
TRUE,TRUE,FALSE,FALSE,FALSE,1,0.534
TRUE,TRUE,FALSE,FALSE,FALSE,1,0.476
TRUE,TRUE,FALSE,FALSE,FALSE,20,0.609
TRUE,TRUE,FALSE,FALSE,FALSE,20,0.497
TRUE,TRUE,FALSE,FALSE,FALSE,20,0.597
TRUE,TRUE,FALSE,FALSE,FALSE,20,0.506
TRUE,TRUE,FALSE,FALSE,FALSE,20,0.614
TRUE,TRUE,FALSE,FALSE,FALSE,20,0.626
TRUE,TRUE,FALSE,FALSE,FALSE,20,0.621
TRUE,TRUE,FALSE,FALSE,FALSE,20,0.644
TRUE,TRUE,FALSE,FALSE,FALSE,20,0.558
TRUE,TRUE,FALSE,FALSE,FALSE,20,0.557
TRUE,TRUE,FALSE,FALSE,FALSE,20,0.532
TRUE,TRUE,FALSE,FALSE,FALSE,20,0.521
TRUE,TRUE,FALSE,FALSE,FALSE,20,0.54
TRUE,TRUE,FALSE,FALSE,FALSE,20,0.548
TRUE,TRUE,FALSE,FALSE,FALSE,20,0.565
TRUE,TRUE,FALSE,FALSE,FALSE,20,0.655
TRUE,TRUE,FALSE,FALSE,FALSE,20,0.472
TRUE,TRUE,FALSE,FALSE,FALSE,20,0.536
TRUE,TRUE,FALSE,FALSE,FALSE,20,0.539
TRUE,TRUE,FALSE,FALSE,FALSE,20,0.565
TRUE,TRUE,FALSE,FALSE,FALSE,20,0.575
TRUE,TRUE,FALSE,FALSE,FALSE,20,0.621
TRUE,TRUE,FALSE,FALSE,FALSE,20,0.558
TRUE,TRUE,FALSE,FALSE,FALSE,20,0.577
TRUE,TRUE,FALSE,FALSE,FALSE,20,0.569
TRUE,TRUE,FALSE,FALSE,FALSE,20,0.533
TRUE,TRUE,FALSE,FALSE,FALSE,20,0.561
TRUE,TRUE,FALSE,FALSE,FALSE,20,0.54
TRUE,TRUE,FALSE,FALSE,FALSE,20,0.531
TRUE,TRUE,FALSE,FALSE,FALSE,20,0.504
TRUE,TRUE,FALSE,FALSE,FALSE,20,0.517
TRUE,TRUE,FALSE,FALSE,FALSE,20,0.618
TRUE,TRUE,FALSE,FALSE,FALSE,20,0.56
TRUE,TRUE,FALSE,FALSE,FALSE,20,0.517
TRUE,TRUE,FALSE,FALSE,FALSE,20,0.491
TRUE,TRUE,FALSE,FALSE,FALSE,20,0.514
TRUE,TRUE,FALSE,FALSE,FALSE,20,0.505
TRUE,TRUE,FALSE,FALSE,FALSE,20,0.516
TRUE,TRUE,FALSE,FALSE,FALSE,20,0.527
TRUE,TRUE,FALSE,FALSE,FALSE,20,0.615
TRUE,TRUE,FALSE,FALSE,FALSE,20,0.621
TRUE,TRUE,FALSE,FALSE,FALSE,20,0.521
TRUE,TRUE,FALSE,FALSE,FALSE,20,0.476
TRUE,TRUE,FALSE,FALSE,FALSE,20,0.5
TRUE,TRUE,FALSE,FALSE,FALSE,20,0.509
TRUE,TRUE,FALSE,FALSE,FALSE,20,0.479
TRUE,TRUE,FALSE,FALSE,FALSE,20,0.541
TRUE,TRUE,FALSE,FALSE,FALSE,20,0.676
TRUE,FALSE,TRUE,FALSE,TRUE,0,1.443
TRUE,FALSE,TRUE,FALSE,TRUE,0,1.685
TRUE,FALSE,TRUE,FALSE,TRUE,0,1.701
TRUE,FALSE,TRUE,FALSE,TRUE,0,1.856
TRUE,FALSE,TRUE,FALSE,TRUE,0,2.061
TRUE,FALSE,TRUE,FALSE,TRUE,0,1.989
TRUE,FALSE,TRUE,FALSE,TRUE,0,2.237
TRUE,FALSE,TRUE,FALSE,TRUE,0,2.17
TRUE,FALSE,TRUE,FALSE,TRUE,0,1.849
TRUE,FALSE,TRUE,FALSE,TRUE,0,1.864
TRUE,FALSE,TRUE,FALSE,TRUE,0,1.948
TRUE,FALSE,TRUE,FALSE,TRUE,0,2.224
TRUE,FALSE,TRUE,FALSE,TRUE,0,1.977
TRUE,FALSE,TRUE,FALSE,TRUE,0,2.077
TRUE,FALSE,TRUE,FALSE,TRUE,0,2.085
TRUE,FALSE,TRUE,FALSE,TRUE,0,2.219
TRUE,FALSE,TRUE,FALSE,TRUE,0,1.977
TRUE,FALSE,TRUE,FALSE,TRUE,0,1.761
TRUE,FALSE,TRUE,FALSE,TRUE,0,1.76
TRUE,FALSE,TRUE,FALSE,TRUE,0,1.878
TRUE,FALSE,TRUE,FALSE,TRUE,0,1.459
TRUE,FALSE,TRUE,FALSE,TRUE,0,1.563
TRUE,FALSE,TRUE,FALSE,TRUE,0,2.192
TRUE,FALSE,TRUE,FALSE,TRUE,0,2.088
TRUE,FALSE,TRUE,FALSE,TRUE,0,1.695
TRUE,FALSE,TRUE,FALSE,TRUE,0,1.369
TRUE,FALSE,TRUE,FALSE,TRUE,0,1.483
TRUE,FALSE,TRUE,FALSE,TRUE,0,1.427
TRUE,FALSE,TRUE,FALSE,TRUE,0,1.748
TRUE,FALSE,TRUE,FALSE,TRUE,0,1.573
TRUE,FALSE,TRUE,FALSE,TRUE,0,1.763
TRUE,FALSE,TRUE,FALSE,TRUE,0,2.152
TRUE,FALSE,TRUE,FALSE,TRUE,0,1.425
TRUE,FALSE,TRUE,FALSE,TRUE,0,1.456
TRUE,FALSE,TRUE,FALSE,TRUE,0,1.377
TRUE,FALSE,TRUE,FALSE,TRUE,0,1.661
TRUE,FALSE,TRUE,FALSE,TRUE,0,1.594
TRUE,FALSE,TRUE,FALSE,TRUE,0,1.492
TRUE,FALSE,TRUE,FALSE,TRUE,0,1.571
TRUE,FALSE,TRUE,FALSE,TRUE,0,1.711
TRUE,FALSE,TRUE,FALSE,TRUE,0,1.387
TRUE,FALSE,TRUE,FALSE,TRUE,0,1.014
TRUE,FALSE,TRUE,FALSE,TRUE,0,1.12
TRUE,FALSE,TRUE,FALSE,TRUE,0,1.217
TRUE,FALSE,TRUE,FALSE,TRUE,0,1.408
TRUE,FALSE,TRUE,FALSE,TRUE,0,1.242
TRUE,FALSE,TRUE,FALSE,TRUE,0,1.343
TRUE,FALSE,TRUE,FALSE,TRUE,0,1.448
TRUE,FALSE,TRUE,TRUE,FALSE,0,0.55
TRUE,FALSE,TRUE,TRUE,FALSE,0,0.72
TRUE,FALSE,TRUE,TRUE,FALSE,0,0.72
TRUE,FALSE,TRUE,TRUE,FALSE,0,0.663
TRUE,FALSE,TRUE,TRUE,FALSE,0,0.664
TRUE,FALSE,TRUE,TRUE,FALSE,0,0.717
TRUE,FALSE,TRUE,TRUE,FALSE,0,0.713
TRUE,FALSE,TRUE,TRUE,FALSE,0,0.814
TRUE,FALSE,TRUE,TRUE,FALSE,0,0.902
TRUE,FALSE,TRUE,TRUE,FALSE,0,0.825
TRUE,FALSE,TRUE,TRUE,FALSE,0,0.87
TRUE,FALSE,TRUE,TRUE,FALSE,0,0.916
TRUE,FALSE,TRUE,TRUE,FALSE,0,0.892
TRUE,FALSE,TRUE,TRUE,FALSE,0,0.977
TRUE,FALSE,TRUE,TRUE,FALSE,0,0.868
TRUE,FALSE,TRUE,TRUE,FALSE,0,0.816
TRUE,FALSE,TRUE,TRUE,FALSE,0,0.738
TRUE,FALSE,TRUE,TRUE,FALSE,0,0.68
TRUE,FALSE,TRUE,TRUE,FALSE,0,0.765
TRUE,FALSE,TRUE,TRUE,FALSE,0,0.773
TRUE,FALSE,TRUE,TRUE,FALSE,0,0.711
TRUE,FALSE,TRUE,TRUE,FALSE,0,0.755
TRUE,FALSE,TRUE,TRUE,FALSE,0,0.82
TRUE,FALSE,TRUE,TRUE,FALSE,0,0.802
TRUE,FALSE,TRUE,TRUE,FALSE,0,0.651
TRUE,FALSE,TRUE,TRUE,FALSE,0,0.696
TRUE,FALSE,TRUE,TRUE,FALSE,0,0.666
TRUE,FALSE,TRUE,TRUE,FALSE,0,0.718
TRUE,FALSE,TRUE,TRUE,FALSE,0,0.771
TRUE,FALSE,TRUE,TRUE,FALSE,0,0.785
TRUE,FALSE,TRUE,TRUE,FALSE,0,0.799
TRUE,FALSE,TRUE,TRUE,FALSE,0,0.888
TRUE,FALSE,TRUE,TRUE,FALSE,0,0.784
TRUE,FALSE,TRUE,TRUE,FALSE,0,0.703
TRUE,FALSE,TRUE,TRUE,FALSE,0,0.741
TRUE,FALSE,TRUE,TRUE,FALSE,0,0.758
TRUE,FALSE,TRUE,TRUE,FALSE,0,0.777
TRUE,FALSE,TRUE,TRUE,FALSE,0,0.875
TRUE,FALSE,TRUE,TRUE,FALSE,0,0.82
TRUE,FALSE,TRUE,TRUE,FALSE,0,0.691
TRUE,FALSE,TRUE,TRUE,FALSE,0,0.689
TRUE,FALSE,TRUE,TRUE,FALSE,0,0.689
TRUE,FALSE,TRUE,TRUE,FALSE,0,0.732
TRUE,FALSE,TRUE,TRUE,FALSE,0,0.696
TRUE,FALSE,TRUE,TRUE,FALSE,0,0.729
TRUE,FALSE,TRUE,TRUE,FALSE,0,0.782
TRUE,FALSE,TRUE,TRUE,FALSE,0,0.74
TRUE,FALSE,TRUE,TRUE,FALSE,0,0.722
TRUE,FALSE,TRUE,FALSE,FALSE,0,0.467
TRUE,FALSE,TRUE,FALSE,FALSE,0,0.495
TRUE,FALSE,TRUE,FALSE,FALSE,0,0.542
TRUE,FALSE,TRUE,FALSE,FALSE,0,0.544
TRUE,FALSE,TRUE,FALSE,FALSE,0,0.604
TRUE,FALSE,TRUE,FALSE,FALSE,0,0.576
TRUE,FALSE,TRUE,FALSE,FALSE,0,0.532
TRUE,FALSE,TRUE,FALSE,FALSE,0,0.528
TRUE,FALSE,TRUE,FALSE,FALSE,0,0.587
TRUE,FALSE,TRUE,FALSE,FALSE,0,0.694
TRUE,FALSE,TRUE,FALSE,FALSE,0,0.662
TRUE,FALSE,TRUE,FALSE,FALSE,0,0.642
TRUE,FALSE,TRUE,FALSE,FALSE,0,0.689
TRUE,FALSE,TRUE,FALSE,FALSE,0,0.706
TRUE,FALSE,TRUE,FALSE,FALSE,0,0.676
TRUE,FALSE,TRUE,FALSE,FALSE,0,0.701
TRUE,FALSE,TRUE,FALSE,FALSE,0,0.414
TRUE,FALSE,TRUE,FALSE,FALSE,0,0.675
TRUE,FALSE,TRUE,FALSE,FALSE,0,0.581
TRUE,FALSE,TRUE,FALSE,FALSE,0,0.577
TRUE,FALSE,TRUE,FALSE,FALSE,0,0.634
TRUE,FALSE,TRUE,FALSE,FALSE,0,0.594
TRUE,FALSE,TRUE,FALSE,FALSE,0,0.558
TRUE,FALSE,TRUE,FALSE,FALSE,0,0.705
TRUE,FALSE,TRUE,FALSE,FALSE,0,0.34
TRUE,FALSE,TRUE,FALSE,FALSE,0,0.41
TRUE,FALSE,TRUE,FALSE,FALSE,0,0.608
TRUE,FALSE,TRUE,FALSE,FALSE,0,0.534
TRUE,FALSE,TRUE,FALSE,FALSE,0,0.619
TRUE,FALSE,TRUE,FALSE,FALSE,0,0.69
TRUE,FALSE,TRUE,FALSE,FALSE,0,0.688
TRUE,FALSE,TRUE,FALSE,FALSE,0,0.651
TRUE,FALSE,TRUE,FALSE,FALSE,0,0.562
TRUE,FALSE,TRUE,FALSE,FALSE,0,0.52
TRUE,FALSE,TRUE,FALSE,FALSE,0,0.575
TRUE,FALSE,TRUE,FALSE,FALSE,0,0.587
TRUE,FALSE,TRUE,FALSE,FALSE,0,0.585
TRUE,FALSE,TRUE,FALSE,FALSE,0,0.639
TRUE,FALSE,TRUE,FALSE,FALSE,0,0.663
TRUE,FALSE,TRUE,FALSE,FALSE,0,0.641
TRUE,FALSE,TRUE,FALSE,FALSE,0,0.487
TRUE,FALSE,TRUE,FALSE,FALSE,0,0.59
TRUE,FALSE,TRUE,FALSE,FALSE,0,0.568
TRUE,FALSE,TRUE,FALSE,FALSE,0,0.692
TRUE,FALSE,TRUE,FALSE,FALSE,0,0.644
TRUE,FALSE,TRUE,FALSE,FALSE,0,0.722
TRUE,FALSE,TRUE,FALSE,FALSE,0,0.678
TRUE,FALSE,TRUE,FALSE,FALSE,0,0.672
TRUE,FALSE,TRUE,FALSE,FALSE,0.002,0.558
TRUE,FALSE,TRUE,FALSE,FALSE,0.002,0.626
TRUE,FALSE,TRUE,FALSE,FALSE,0.002,0.63
TRUE,FALSE,TRUE,FALSE,FALSE,0.002,0.768
TRUE,FALSE,TRUE,FALSE,FALSE,0.002,0.924
TRUE,FALSE,TRUE,FALSE,FALSE,0.002,0.805
TRUE,FALSE,TRUE,FALSE,FALSE,0.002,1.047
TRUE,FALSE,TRUE,FALSE,FALSE,0.002,1.171
TRUE,FALSE,TRUE,FALSE,FALSE,0.002,0.453
TRUE,FALSE,TRUE,FALSE,FALSE,0.002,0.526
TRUE,FALSE,TRUE,FALSE,FALSE,0.002,0.532
TRUE,FALSE,TRUE,FALSE,FALSE,0.002,0.671
TRUE,FALSE,TRUE,FALSE,FALSE,0.002,0.687
TRUE,FALSE,TRUE,FALSE,FALSE,0.002,0.613
TRUE,FALSE,TRUE,FALSE,FALSE,0.002,0.713
TRUE,FALSE,TRUE,FALSE,FALSE,0.002,0.584
TRUE,FALSE,TRUE,FALSE,FALSE,0.002,1.249
TRUE,FALSE,TRUE,FALSE,FALSE,0.002,0.786
TRUE,FALSE,TRUE,FALSE,FALSE,0.002,0.982
TRUE,FALSE,TRUE,FALSE,FALSE,0.002,0.843
TRUE,FALSE,TRUE,FALSE,FALSE,0.002,1.096
TRUE,FALSE,TRUE,FALSE,FALSE,0.002,0.936
TRUE,FALSE,TRUE,FALSE,FALSE,0.002,1.061
TRUE,FALSE,TRUE,FALSE,FALSE,0.002,0.638
TRUE,FALSE,TRUE,FALSE,FALSE,0.002,0.385
TRUE,FALSE,TRUE,FALSE,FALSE,0.002,0.601
TRUE,FALSE,TRUE,FALSE,FALSE,0.002,0.664
TRUE,FALSE,TRUE,FALSE,FALSE,0.002,0.673
TRUE,FALSE,TRUE,FALSE,FALSE,0.002,0.549
TRUE,FALSE,TRUE,FALSE,FALSE,0.002,0.591
TRUE,FALSE,TRUE,FALSE,FALSE,0.002,0.577
TRUE,FALSE,TRUE,FALSE,FALSE,0.002,0.69
TRUE,FALSE,TRUE,FALSE,FALSE,0.002,0.608
TRUE,FALSE,TRUE,FALSE,FALSE,0.002,0.673
TRUE,FALSE,TRUE,FALSE,FALSE,0.002,0.568
TRUE,FALSE,TRUE,FALSE,FALSE,0.002,0.611
TRUE,FALSE,TRUE,FALSE,FALSE,0.002,0.563
TRUE,FALSE,TRUE,FALSE,FALSE,0.002,0.549
TRUE,FALSE,TRUE,FALSE,FALSE,0.002,0.657
TRUE,FALSE,TRUE,FALSE,FALSE,0.002,0.619
TRUE,FALSE,TRUE,FALSE,FALSE,0.002,0.97
TRUE,FALSE,TRUE,FALSE,FALSE,0.002,0.672
TRUE,FALSE,TRUE,FALSE,FALSE,0.002,0.547
TRUE,FALSE,TRUE,FALSE,FALSE,0.002,0.629
TRUE,FALSE,TRUE,FALSE,FALSE,0.002,0.527
TRUE,FALSE,TRUE,FALSE,FALSE,0.002,0.631
TRUE,FALSE,TRUE,FALSE,FALSE,0.002,0.636
TRUE,FALSE,TRUE,FALSE,FALSE,0.002,0.572
TRUE,FALSE,TRUE,FALSE,FALSE,1,0.623
TRUE,FALSE,TRUE,FALSE,FALSE,1,0.681
TRUE,FALSE,TRUE,FALSE,FALSE,1,0.724
TRUE,FALSE,TRUE,FALSE,FALSE,1,0.669
TRUE,FALSE,TRUE,FALSE,FALSE,1,0.69
TRUE,FALSE,TRUE,FALSE,FALSE,1,0.683
TRUE,FALSE,TRUE,FALSE,FALSE,1,0.752
TRUE,FALSE,TRUE,FALSE,FALSE,1,0.637
TRUE,FALSE,TRUE,FALSE,FALSE,1,0.689
TRUE,FALSE,TRUE,FALSE,FALSE,1,0.802
TRUE,FALSE,TRUE,FALSE,FALSE,1,0.681
TRUE,FALSE,TRUE,FALSE,FALSE,1,0.672
TRUE,FALSE,TRUE,FALSE,FALSE,1,0.731
TRUE,FALSE,TRUE,FALSE,FALSE,1,0.688
TRUE,FALSE,TRUE,FALSE,FALSE,1,0.76
TRUE,FALSE,TRUE,FALSE,FALSE,1,0.802
TRUE,FALSE,TRUE,FALSE,FALSE,1,0.596
TRUE,FALSE,TRUE,FALSE,FALSE,1,0.804
TRUE,FALSE,TRUE,FALSE,FALSE,1,0.811
TRUE,FALSE,TRUE,FALSE,FALSE,1,0.711
TRUE,FALSE,TRUE,FALSE,FALSE,1,0.577
TRUE,FALSE,TRUE,FALSE,FALSE,1,0.793
TRUE,FALSE,TRUE,FALSE,FALSE,1,0.66
TRUE,FALSE,TRUE,FALSE,FALSE,1,0.781
TRUE,FALSE,TRUE,FALSE,FALSE,1,0.527
TRUE,FALSE,TRUE,FALSE,FALSE,1,0.6
TRUE,FALSE,TRUE,FALSE,FALSE,1,0.6
TRUE,FALSE,TRUE,FALSE,FALSE,1,0.666
TRUE,FALSE,TRUE,FALSE,FALSE,1,0.678
TRUE,FALSE,TRUE,FALSE,FALSE,1,0.728
TRUE,FALSE,TRUE,FALSE,FALSE,1,0.784
TRUE,FALSE,TRUE,FALSE,FALSE,1,0.78
TRUE,FALSE,TRUE,FALSE,FALSE,1,0.578
TRUE,FALSE,TRUE,FALSE,FALSE,1,0.685
TRUE,FALSE,TRUE,FALSE,FALSE,1,0.61
TRUE,FALSE,TRUE,FALSE,FALSE,1,0.668
TRUE,FALSE,TRUE,FALSE,FALSE,1,0.65
TRUE,FALSE,TRUE,FALSE,FALSE,1,0.65
TRUE,FALSE,TRUE,FALSE,FALSE,1,0.74
TRUE,FALSE,TRUE,FALSE,FALSE,1,0.776
TRUE,FALSE,TRUE,FALSE,FALSE,1,0.618
TRUE,FALSE,TRUE,FALSE,FALSE,1,0.713
TRUE,FALSE,TRUE,FALSE,FALSE,1,0.69
TRUE,FALSE,TRUE,FALSE,FALSE,1,0.679
TRUE,FALSE,TRUE,FALSE,FALSE,1,0.705
TRUE,FALSE,TRUE,FALSE,FALSE,1,0.704
TRUE,FALSE,TRUE,FALSE,FALSE,1,0.644
TRUE,FALSE,TRUE,FALSE,FALSE,1,0.684
TRUE,FALSE,TRUE,FALSE,FALSE,20,0.689
TRUE,FALSE,TRUE,FALSE,FALSE,20,0.93
TRUE,FALSE,TRUE,FALSE,FALSE,20,1.013
TRUE,FALSE,TRUE,FALSE,FALSE,20,0.972
TRUE,FALSE,TRUE,FALSE,FALSE,20,1.199
TRUE,FALSE,TRUE,FALSE,FALSE,20,1.141
TRUE,FALSE,TRUE,FALSE,FALSE,20,0.978
TRUE,FALSE,TRUE,FALSE,FALSE,20,0.986
TRUE,FALSE,TRUE,FALSE,FALSE,20,0.733
TRUE,FALSE,TRUE,FALSE,FALSE,20,1.014
TRUE,FALSE,TRUE,FALSE,FALSE,20,1.065
TRUE,FALSE,TRUE,FALSE,FALSE,20,1.264
TRUE,FALSE,TRUE,FALSE,FALSE,20,1.165
TRUE,FALSE,TRUE,FALSE,FALSE,20,1.175
TRUE,FALSE,TRUE,FALSE,FALSE,20,1.16
TRUE,FALSE,TRUE,FALSE,FALSE,20,1.401
TRUE,FALSE,TRUE,FALSE,FALSE,20,1.076
TRUE,FALSE,TRUE,FALSE,FALSE,20,1.237
TRUE,FALSE,TRUE,FALSE,FALSE,20,1.005
TRUE,FALSE,TRUE,FALSE,FALSE,20,0.985
TRUE,FALSE,TRUE,FALSE,FALSE,20,0.986
TRUE,FALSE,TRUE,FALSE,FALSE,20,0.89
TRUE,FALSE,TRUE,FALSE,FALSE,20,1.126
TRUE,FALSE,TRUE,FALSE,FALSE,20,0.907
TRUE,FALSE,TRUE,FALSE,FALSE,20,0.545
TRUE,FALSE,TRUE,FALSE,FALSE,20,0.655
TRUE,FALSE,TRUE,FALSE,FALSE,20,0.645
TRUE,FALSE,TRUE,FALSE,FALSE,20,0.631
TRUE,FALSE,TRUE,FALSE,FALSE,20,0.681
TRUE,FALSE,TRUE,FALSE,FALSE,20,0.712
TRUE,FALSE,TRUE,FALSE,FALSE,20,0.756
TRUE,FALSE,TRUE,FALSE,FALSE,20,0.728
TRUE,FALSE,TRUE,FALSE,FALSE,20,0.701
TRUE,FALSE,TRUE,FALSE,FALSE,20,0.719
TRUE,FALSE,TRUE,FALSE,FALSE,20,0.651
TRUE,FALSE,TRUE,FALSE,FALSE,20,0.668
TRUE,FALSE,TRUE,FALSE,FALSE,20,0.752
TRUE,FALSE,TRUE,FALSE,FALSE,20,0.649
TRUE,FALSE,TRUE,FALSE,FALSE,20,0.744
TRUE,FALSE,TRUE,FALSE,FALSE,20,0.772
TRUE,FALSE,TRUE,FALSE,FALSE,20,0.813
TRUE,FALSE,TRUE,FALSE,FALSE,20,0.709
TRUE,FALSE,TRUE,FALSE,FALSE,20,0.758
TRUE,FALSE,TRUE,FALSE,FALSE,20,0.719
TRUE,FALSE,TRUE,FALSE,FALSE,20,0.719
TRUE,FALSE,TRUE,FALSE,FALSE,20,0.697
TRUE,FALSE,TRUE,FALSE,FALSE,20,0.737
TRUE,FALSE,TRUE,FALSE,FALSE,20,0.765
